school,level,october_year,school_year,enrollment,max_enrollment,pct_of_max,KDG,1ST,2ND,3RD,4TH,5TH,6TH,7TH,8TH,9TH,10TH,11TH,12TH
ANGEVINE,Middle School,2014,2014-15,662.0,725.0,0.9131034482758621,,,,,,,,,,,,,
ANGEVINE,Middle School,2015,2015-16,725.0,725.0,1.0,,,,,,,,,,,,,
ANGEVINE,Middle School,2016,2016-17,711.0,725.0,0.9806896551724138,260.0,,,,,,,,,,,,
ANGEVINE,Middle School,2017,2017-18,672.0,725.0,0.926896551724138,237.0,,,,,,,,,,,,
ANGEVINE,Middle School,2018,2018-19,693.0,725.0,0.9558620689655173,,,,,,,,,,,,,
ANGEVINE,Middle School,2019,2019-20,691.0,725.0,0.953103448275862,224.0,,,,,,,,,,,,
ANGEVINE,Middle School,2020,2020-21,636.0,725.0,0.8772413793103448,229.0,,,,,,,,,,,,
ANGEVINE,Middle School,2021,2021-22,658.0,725.0,0.9075862068965517,207.0,,,,,,,,,,,,
ANGEVINE,Middle School,2022,2022-23,659.0,725.0,0.9089655172413793,226.0,,,,,,,,,,,,
ANGEVINE,Middle School,2023,2023-24,605.0,725.0,0.8344827586206897,201.0,203.0,201.0,,,,,,,,,,
ANGEVINE,Middle School,2024,2024-25,616.0,725.0,0.8496551724137931,197.0,204.0,215.0,,,,,,,,,,
ANGEVINE,Middle School,2025,2025-26,588.0,725.0,0.8110344827586207,188.0,203.0,197.0,,,,,,,,,,
ARAPAHOE RIDGE,High School,2014,2014-15,137.0,244.0,0.5614754098360656,,,,,,,,,,,,,
ARAPAHOE RIDGE,High School,2015,2015-16,132.0,244.0,0.5409836065573771,,,,,,,,,,,,,
ARAPAHOE RIDGE,High School,2016,2016-17,100.0,244.0,0.4098360655737705,29.0,48.0,,,,,,,,,,,
ARAPAHOE RIDGE,High School,2017,2017-18,105.0,244.0,0.430327868852459,34.0,45.0,,,,,,,,,,,
ARAPAHOE RIDGE,High School,2018,2018-19,141.0,244.0,0.5778688524590164,,,,,,,,,,,,,
ARAPAHOE RIDGE,High School,2019,2019-20,88.0,244.0,0.36065573770491804,34.0,33.0,,,,,,,,,,,
ARAPAHOE RIDGE,High School,2020,2020-21,135.0,244.0,0.5532786885245902,40.0,78.0,,,,,,,,,,,
ARAPAHOE RIDGE,High School,2021,2021-22,135.0,244.0,0.5532786885245902,31.0,95.0,,,,,,,,,,,
ARAPAHOE RIDGE,High School,2022,2022-23,206.0,244.0,0.8442622950819673,63.0,142.0,,,,,,,,,,,
ARAPAHOE RIDGE,High School,2023,2023-24,244.0,244.0,1.0,0.0,2.0,58.0,184.0,,,,,,,,,
ARAPAHOE RIDGE,High School,2024,2024-25,188.0,244.0,0.7704918032786885,0.0,1.0,51.0,136.0,,,,,,,,,
ARAPAHOE RIDGE,High School,2025,2025-26,184.0,244.0,0.7540983606557377,0.0,0.0,60.0,124.0,,,,,,,,,
ASPEN CREEK 6-8,Middle School,2014,2014-15,437.0,446.0,0.9798206278026906,,,,,,,,,,,,,
ASPEN CREEK 6-8,Middle School,2015,2015-16,437.0,446.0,0.9798206278026906,,,,,,,,,,,,,
ASPEN CREEK 6-8,Middle School,2016,2016-17,432.0,446.0,0.968609865470852,143.0,,,,,,,,,,,,
ASPEN CREEK 6-8,Middle School,2017,2017-18,446.0,446.0,1.0,155.0,,,,,,,,,,,,
ASPEN CREEK 6-8,Middle School,2018,2018-19,424.0,446.0,0.9506726457399103,,,,,,,,,,,,,
ASPEN CREEK 6-8,Middle School,2019,2019-20,409.0,446.0,0.9170403587443946,143.0,,,,,,,,,,,,
ASPEN CREEK 6-8,Middle School,2020,2020-21,364.0,446.0,0.8161434977578476,131.0,,,,,,,,,,,,
ASPEN CREEK 6-8,Middle School,2021,2021-22,339.0,446.0,0.7600896860986547,128.0,,,,,,,,,,,,
ASPEN CREEK 6-8,Middle School,2022,2022-23,334.0,446.0,0.7488789237668162,133.0,,,,,,,,,,,,
ASPEN CREEK 6-8,Middle School,2023,2023-24,316.0,446.0,0.7085201793721974,104.0,108.0,104.0,,,,,,,,,,
ASPEN CREEK 6-8,Middle School,2024,2024-25,372.0,446.0,0.8340807174887892,138.0,116.0,118.0,,,,,,,,,,
ASPEN CREEK 6-8,Middle School,2025,2025-26,409.0,446.0,0.9170403587443946,143.0,142.0,124.0,,,,,,,,,,
ASPEN CREEK K-5,Elementary,2014,2014-15,524.0,524.0,1.0,,,,,,,,,,,,,
ASPEN CREEK K-5,Elementary,2015,2015-16,496.0,524.0,0.9465648854961832,,,,,,,,,,,,,
ASPEN CREEK K-5,Elementary,2016,2016-17,498.0,524.0,0.950381679389313,63.0,67.0,74.0,81.0,79.0,111.0,10.0,,,,,,
ASPEN CREEK K-5,Elementary,2017,2017-18,487.0,524.0,0.9293893129770993,64.0,82.0,73.0,88.0,78.0,81.0,11.0,,,,,,
ASPEN CREEK K-5,Elementary,2018,2018-19,457.0,524.0,0.8721374045801527,,,,,,,,,,,,,
ASPEN CREEK K-5,Elementary,2019,2019-20,445.0,524.0,0.8492366412213741,53.0,61.0,73.0,73.0,77.0,81.0,6.0,,,,,,
ASPEN CREEK K-5,Elementary,2020,2020-21,358.0,524.0,0.683206106870229,50.0,52.0,52.0,57.0,63.0,71.0,8.0,,,,,,
ASPEN CREEK K-5,Elementary,2021,2021-22,382.0,524.0,0.7290076335877863,52.0,60.0,59.0,57.0,60.0,77.0,11.0,,,,,,
ASPEN CREEK K-5,Elementary,2022,2022-23,399.0,524.0,0.7614503816793893,59.0,58.0,67.0,63.0,63.0,69.0,11.0,,,,,,
ASPEN CREEK K-5,Elementary,2023,2023-24,421.0,524.0,0.8034351145038168,61.0,67.0,72.0,72.0,76.0,73.0,34.0,,,,,,
ASPEN CREEK K-5,Elementary,2024,2024-25,471.0,524.0,0.898854961832061,98.0,59.0,70.0,76.0,86.0,82.0,,,,,,,
ASPEN CREEK K-5,Elementary,2025,2025-26,504.0,524.0,0.9618320610687023,99.0,74.0,74.0,80.0,86.0,91.0,,,,,,,
BCSIS,Elementary,2014,2014-15,307.0,308.0,0.9967532467532467,,,,,,,,,,,,,
BCSIS,Elementary,2015,2015-16,301.0,308.0,0.9772727272727273,,,,,,,,,,,,,
BCSIS,Elementary,2016,2016-17,308.0,308.0,1.0,52.0,50.0,56.0,54.0,,,,,,,,,
BCSIS,Elementary,2017,2017-18,304.0,308.0,0.987012987012987,52.0,51.0,55.0,53.0,,,,,,,,,
BCSIS,Elementary,2018,2018-19,306.0,308.0,0.9935064935064936,,,,,,,,,,,,,
BCSIS,Elementary,2019,2019-20,306.0,308.0,0.9935064935064936,50.0,52.0,54.0,54.0,,,,,,,,,
BCSIS,Elementary,2020,2020-21,286.0,308.0,0.9285714285714286,49.0,51.0,47.0,51.0,,,,,,,,,
BCSIS,Elementary,2021,2021-22,286.0,308.0,0.9285714285714286,47.0,50.0,50.0,44.0,,,,,,,,,
BCSIS,Elementary,2022,2022-23,284.0,308.0,0.922077922077922,50.0,48.0,52.0,53.0,,,,,,,,,
BCSIS,Elementary,2023,2023-24,264.0,308.0,0.8571428571428571,37.0,37.0,48.0,43.0,45.0,54.0,,,,,,,
BCSIS,Elementary,2024,2024-25,255.0,308.0,0.827922077922078,42.0,40.0,38.0,48.0,42.0,45.0,,,,,,,
BCSIS,Elementary,2025,2025-26,251.0,308.0,0.814935064935065,37.0,41.0,45.0,34.0,48.0,46.0,,,,,,,
BEAR CREEK,Elementary,2014,2014-15,417.0,448.0,0.9308035714285714,,,,,,,,,,,,,
BEAR CREEK,Elementary,2015,2015-16,441.0,448.0,0.984375,,,,,,,,,,,,,
BEAR CREEK,Elementary,2016,2016-17,438.0,448.0,0.9776785714285714,66.0,89.0,70.0,87.0,,,,,,,,,
BEAR CREEK,Elementary,2017,2017-18,448.0,448.0,1.0,74.0,67.0,91.0,73.0,,,,,,,,,
BEAR CREEK,Elementary,2018,2018-19,425.0,448.0,0.9486607142857143,,,,,,,,,,,,,
BEAR CREEK,Elementary,2019,2019-20,402.0,448.0,0.8973214285714286,79.0,70.0,83.0,72.0,,,,,,,,,
BEAR CREEK,Elementary,2020,2020-21,342.0,448.0,0.7633928571428571,47.0,70.0,69.0,81.0,,,,,,,,,
BEAR CREEK,Elementary,2021,2021-22,346.0,448.0,0.7723214285714286,53.0,54.0,77.0,72.0,,,,,,,,,
BEAR CREEK,Elementary,2022,2022-23,340.0,448.0,0.7589285714285714,45.0,57.0,57.0,81.0,,,,,,,,,
BEAR CREEK,Elementary,2023,2023-24,299.0,448.0,0.6674107142857143,33.0,53.0,49.0,45.0,59.0,60.0,16.0,,,,,,
BEAR CREEK,Elementary,2024,2024-25,318.0,448.0,0.7098214285714286,51.0,39.0,54.0,54.0,57.0,63.0,,,,,,,
BEAR CREEK,Elementary,2025,2025-26,312.0,448.0,0.6964285714285714,48.0,46.0,42.0,56.0,58.0,62.0,,,,,,,
BIRCH,Elementary,2014,2014-15,383.0,410.0,0.9341463414634147,,,,,,,,,,,,,
BIRCH,Elementary,2015,2015-16,407.0,410.0,0.9926829268292683,,,,,,,,,,,,,
BIRCH,Elementary,2016,2016-17,407.0,410.0,0.9926829268292683,63.0,65.0,75.0,65.0,45.0,55.0,12.0,,,,,,
BIRCH,Elementary,2017,2017-18,410.0,410.0,1.0,69.0,59.0,62.0,72.0,57.0,51.0,5.0,,,,,,
BIRCH,Elementary,2018,2018-19,375.0,410.0,0.9146341463414634,,,,,,,,,,,,,
BIRCH,Elementary,2019,2019-20,384.0,410.0,0.9365853658536586,55.0,55.0,63.0,57.0,54.0,62.0,6.0,,,,,,
BIRCH,Elementary,2020,2020-21,322.0,410.0,0.7853658536585366,40.0,56.0,54.0,52.0,54.0,42.0,4.0,,,,,,
BIRCH,Elementary,2021,2021-22,329.0,410.0,0.802439024390244,52.0,37.0,49.0,57.0,59.0,52.0,7.0,,,,,,
BIRCH,Elementary,2022,2022-23,332.0,410.0,0.8097560975609757,48.0,54.0,44.0,50.0,55.0,60.0,6.0,,,,,,
BIRCH,Elementary,2023,2023-24,279.0,410.0,0.6804878048780488,36.0,49.0,51.0,43.0,47.0,53.0,35.0,,,,,,
BIRCH,Elementary,2024,2024-25,277.0,410.0,0.675609756097561,49.0,37.0,47.0,51.0,45.0,48.0,,,,,,,
BIRCH,Elementary,2025,2025-26,257.0,410.0,0.6268292682926829,38.0,42.0,34.0,43.0,51.0,49.0,,,,,,,
BOULDER,High School,2014,2014-15,1947.0,2169.0,0.8976486860304288,,,,,,,,,,,,,
BOULDER,High School,2015,2015-16,1978.0,2169.0,0.9119409866297833,,,,,,,,,,,,,
BOULDER,High School,2016,2016-17,1997.0,2169.0,0.9207007837713231,497.0,450.0,,,,,,,,,,,
BOULDER,High School,2017,2017-18,2067.0,2169.0,0.9529737206085753,488.0,487.0,,,,,,,,,,,
BOULDER,High School,2018,2018-19,2092.0,2169.0,0.9644997694790226,,,,,,,,,,,,,
BOULDER,High School,2019,2019-20,2169.0,2169.0,1.0,540.0,494.0,,,,,,,,,,,
BOULDER,High School,2020,2020-21,2136.0,2169.0,0.9847856154910097,578.0,522.0,,,,,,,,,,,
BOULDER,High School,2021,2021-22,2136.0,2169.0,0.9847856154910097,499.0,582.0,,,,,,,,,,,
BOULDER,High School,2022,2022-23,2075.0,2169.0,0.9566620562471185,506.0,496.0,,,,,,,,,,,
BOULDER,High School,2023,2023-24,2020.0,2169.0,0.9313047487321346,457.0,564.0,497.0,502.0,,,,,,,,,
BOULDER,High School,2024,2024-25,1916.0,2169.0,0.8833563854310742,469.0,440.0,518.0,489.0,,,,,,,,,
BOULDER,High School,2025,2025-26,1768.0,2169.0,0.8151221761180267,408.0,446.0,410.0,504.0,,,,,,,,,
BOULDER EXPLORE,Other Program,2014,2014-15,34.0,36.0,0.9444444444444444,,,,,,,,,,,,,
BOULDER EXPLORE,Other Program,2015,2015-16,36.0,36.0,1.0,,,,,,,,,,,,,
BOULDER EXPLORE,Other Program,2016,2016-17,11.0,36.0,0.3055555555555556,3.0,1.0,3.0,0.0,0.0,0.0,0.0,0.0,0.0,0.0,0.0,,
BOULDER PREP,High School,2014,2014-15,113.0,119.0,0.9495798319327731,,,,,,,,,,,,,
BOULDER PREP,High School,2015,2015-16,94.0,119.0,0.7899159663865546,,,,,,,,,,,,,
BOULDER PREP,High School,2016,2016-17,117.0,119.0,0.9831932773109243,39.0,61.0,,,,,,,,,,,
BOULDER PREP,High School,2017,2017-18,86.0,119.0,0.7226890756302521,18.0,49.0,,,,,,,,,,,
BOULDER PREP,High School,2018,2018-19,100.0,119.0,0.8403361344537815,,,,,,,,,,,,,
BOULDER PREP,High School,2019,2019-20,115.0,119.0,0.9663865546218487,28.0,54.0,,,,,,,,,,,
BOULDER PREP,High School,2020,2020-21,104.0,119.0,0.8739495798319328,35.0,53.0,,,,,,,,,,,
BOULDER PREP,High School,2021,2021-22,107.0,119.0,0.8991596638655462,22.0,58.0,,,,,,,,,,,
BOULDER PREP,High School,2022,2022-23,119.0,119.0,1.0,40.0,36.0,,,,,,,,,,,
BOULDER PREP,High School,2023,2023-24,114.0,119.0,0.957983193277311,7.0,22.0,32.0,53.0,,,,,,,,,
BOULDER PREP,High School,2024,2024-25,112.0,119.0,0.9411764705882353,6.0,25.0,26.0,55.0,,,,,,,,,
BOULDER PREP,High School,2025,2025-26,93.0,119.0,0.7815126050420168,6.0,14.0,31.0,42.0,,,,,,,,,
BOULDER UNIVERSAL,High School,2016,2016-17,63.0,320.0,0.196875,15.0,23.0,,,,,,,,,,,
BOULDER UNIVERSAL,High School,2017,2017-18,68.0,320.0,0.2125,14.0,31.0,,,,,,,,,,,
BOULDER UNIVERSAL,Elementary,2018,2018-19,5.0,320.0,0.015625,,,,,,,,,,,,,
BOULDER UNIVERSAL,High School,2018,2018-19,4.0,320.0,0.0125,,,,,,,,,,,,,
BOULDER UNIVERSAL,Elementary,2019,2019-20,2.0,320.0,0.00625,0.0,0.0,0.0,2.0,,,,,,,,,
BOULDER UNIVERSAL,High School,2019,2019-20,55.0,320.0,0.171875,18.0,20.0,,,,,,,,,,,
BOULDER UNIVERSAL,Elementary,2020,2020-21,320.0,320.0,1.0,47.0,67.0,68.0,60.0,,,,,,,,,
BOULDER UNIVERSAL,High School,2020,2020-21,296.0,320.0,0.925,85.0,69.0,,,,,,,,,,,
BOULDER UNIVERSAL,Elementary,2021,2021-22,98.0,320.0,0.30625,14.0,18.0,12.0,29.0,,,,,,,,,
BOULDER UNIVERSAL,High School,2021,2021-22,209.0,320.0,0.653125,61.0,68.0,,,,,,,,,,,
BOULDER UNIVERSAL,Elementary,2022,2022-23,37.0,320.0,0.115625,2.0,7.0,9.0,9.0,,,,,,,,,
BOULDER UNIVERSAL,High School,2022,2022-23,129.0,320.0,0.403125,39.0,46.0,,,,,,,,,,,
BOULDER UNIVERSAL,Elementary,2023,2023-24,42.0,320.0,0.13125,3.0,5.0,9.0,5.0,10.0,10.0,,,,,,,
BOULDER UNIVERSAL,High School,2023,2023-24,126.0,320.0,0.39375,15.0,30.0,34.0,47.0,,,,,,,,,
BOULDER UNIVERSAL,Elementary,2024,2024-25,48.0,320.0,0.15,8.0,6.0,8.0,9.0,5.0,12.0,,,,,,,
BOULDER UNIVERSAL,High School,2024,2024-25,130.0,320.0,0.40625,16.0,29.0,50.0,35.0,,,,,,,,,
BOULDER UNIVERSAL,Elementary,2025,2025-26,39.0,320.0,0.121875,2.0,7.0,7.0,7.0,10.0,6.0,,,,,,,
BOULDER UNIVERSAL,High School,2025,2025-26,147.0,320.0,0.459375,23.0,37.0,36.0,51.0,,,,,,,,,
BROOMFIELD,High School,2014,2014-15,1433.0,1691.0,0.8474275576581904,,,,,,,,,,,,,
BROOMFIELD,High School,2015,2015-16,1433.0,1691.0,0.8474275576581904,,,,,,,,,,,,,
BROOMFIELD,High School,2016,2016-17,1606.0,1691.0,0.9497338852749853,424.0,349.0,,,,,,,,,,,
BROOMFIELD,High School,2017,2017-18,1591.0,1691.0,0.9408633944411591,402.0,406.0,,,,,,,,,,,
BROOMFIELD,High School,2018,2018-19,1574.0,1691.0,0.9308101714961561,,,,,,,,,,,,,
BROOMFIELD,High School,2019,2019-20,1561.0,1691.0,0.9231224127735068,355.0,400.0,,,,,,,,,,,
BROOMFIELD,High School,2020,2020-21,1538.0,1691.0,0.9095209934949734,384.0,342.0,,,,,,,,,,,
BROOMFIELD,High School,2021,2021-22,1609.0,1691.0,0.9515079834417505,388.0,373.0,,,,,,,,,,,
BROOMFIELD,High School,2022,2022-23,1648.0,1691.0,0.9745712596096984,414.0,377.0,,,,,,,,,,,
BROOMFIELD,High School,2023,2023-24,1691.0,1691.0,1.0,445.0,426.0,414.0,406.0,,,,,,,,,
BROOMFIELD,High School,2024,2024-25,1686.0,1691.0,0.997043169722058,408.0,450.0,406.0,422.0,,,,,,,,,
BROOMFIELD,High School,2025,2025-26,1658.0,1691.0,0.9804849201655825,405.0,410.0,436.0,407.0,,,,,,,,,
BROOMFIELD HEIGHTS,Middle School,2014,2014-15,550.0,565.0,0.9734513274336283,,,,,,,,,,,,,
BROOMFIELD HEIGHTS,Middle School,2015,2015-16,547.0,565.0,0.968141592920354,,,,,,,,,,,,,
BROOMFIELD HEIGHTS,Middle School,2016,2016-17,520.0,565.0,0.9203539823008849,176.0,,,,,,,,,,,,
BROOMFIELD HEIGHTS,Middle School,2017,2017-18,545.0,565.0,0.9646017699115044,191.0,,,,,,,,,,,,
BROOMFIELD HEIGHTS,Middle School,2018,2018-19,565.0,565.0,1.0,,,,,,,,,,,,,
BROOMFIELD HEIGHTS,Middle School,2019,2019-20,564.0,565.0,0.9982300884955753,186.0,,,,,,,,,,,,
BROOMFIELD HEIGHTS,Middle School,2020,2020-21,523.0,565.0,0.9256637168141593,165.0,,,,,,,,,,,,
BROOMFIELD HEIGHTS,Middle School,2021,2021-22,515.0,565.0,0.911504424778761,199.0,,,,,,,,,,,,
BROOMFIELD HEIGHTS,Middle School,2022,2022-23,489.0,565.0,0.8654867256637168,180.0,,,,,,,,,,,,
BROOMFIELD HEIGHTS,Middle School,2023,2023-24,498.0,565.0,0.8814159292035398,181.0,169.0,148.0,,,,,,,,,,
BROOMFIELD HEIGHTS,Middle School,2024,2024-25,489.0,565.0,0.8654867256637168,149.0,177.0,163.0,,,,,,,,,,
BROOMFIELD HEIGHTS,Middle School,2025,2025-26,483.0,565.0,0.8548672566371681,147.0,141.0,195.0,,,,,,,,,,
CASEY,Middle School,2014,2014-15,607.0,672.0,0.9032738095238095,,,,,,,,,,,,,
CASEY,Middle School,2015,2015-16,632.0,672.0,0.9404761904761905,,,,,,,,,,,,,
CASEY,Middle School,2016,2016-17,652.0,672.0,0.9702380952380952,216.0,,,,,,,,,,,,
CASEY,Middle School,2017,2017-18,672.0,672.0,1.0,225.0,,,,,,,,,,,,
CASEY,Middle School,2018,2018-19,668.0,672.0,0.9940476190476191,,,,,,,,,,,,,
CASEY,Middle School,2019,2019-20,639.0,672.0,0.9508928571428571,247.0,,,,,,,,,,,,
CASEY,Middle School,2020,2020-21,507.0,672.0,0.7544642857142857,182.0,,,,,,,,,,,,
CASEY,Middle School,2021,2021-22,499.0,672.0,0.7425595238095238,176.0,,,,,,,,,,,,
CASEY,Middle School,2022,2022-23,454.0,672.0,0.6755952380952381,164.0,,,,,,,,,,,,
CASEY,Middle School,2023,2023-24,390.0,672.0,0.5803571428571429,100.0,136.0,154.0,,,,,,,,,,
CASEY,Middle School,2024,2024-25,360.0,672.0,0.5357142857142857,113.0,110.0,137.0,,,,,,,,,,
CASEY,Middle School,2025,2025-26,321.0,672.0,0.47767857142857145,99.0,117.0,105.0,,,,,,,,,,
CENTAURUS,High School,2014,2014-15,1019.0,1598.0,0.6376720901126408,,,,,,,,,,,,,
CENTAURUS,High School,2015,2015-16,1020.0,1598.0,0.6382978723404256,,,,,,,,,,,,,
CENTAURUS,High School,2016,2016-17,1141.0,1598.0,0.714017521902378,285.0,242.0,,,,,,,,,,,
CENTAURUS,High School,2017,2017-18,1234.0,1598.0,0.772215269086358,259.0,273.0,,,,,,,,,,,
CENTAURUS,High School,2018,2018-19,1308.0,1598.0,0.818523153942428,,,,,,,,,,,,,
CENTAURUS,High School,2019,2019-20,1454.0,1598.0,0.9098873591989988,354.0,313.0,,,,,,,,,,,
CENTAURUS,High School,2020,2020-21,1484.0,1598.0,0.9286608260325406,370.0,338.0,,,,,,,,,,,
CENTAURUS,High School,2021,2021-22,1598.0,1598.0,1.0,370.0,380.0,,,,,,,,,,,
CENTAURUS,High School,2022,2022-23,1522.0,1598.0,0.9524405506883604,381.0,364.0,,,,,,,,,,,
CENTAURUS,High School,2023,2023-24,1560.0,1598.0,0.9762202753441802,428.0,356.0,388.0,388.0,,,,,,,,,
CENTAURUS,High School,2024,2024-25,1537.0,1598.0,0.9618272841051314,389.0,409.0,344.0,395.0,,,,,,,,,
CENTAURUS,High School,2025,2025-26,1551.0,1598.0,0.9705882352941176,413.0,390.0,398.0,350.0,,,,,,,,,
CENTENNIAL,Middle School,2014,2014-15,595.0,646.0,0.9210526315789473,,,,,,,,,,,,,
CENTENNIAL,Middle School,2015,2015-16,630.0,646.0,0.9752321981424149,,,,,,,,,,,,,
CENTENNIAL,Middle School,2016,2016-17,628.0,646.0,0.9721362229102167,211.0,,,,,,,,,,,,
CENTENNIAL,Middle School,2017,2017-18,646.0,646.0,1.0,221.0,,,,,,,,,,,,
CENTENNIAL,Middle School,2018,2018-19,634.0,646.0,0.9814241486068112,,,,,,,,,,,,,
CENTENNIAL,Middle School,2019,2019-20,638.0,646.0,0.9876160990712074,222.0,,,,,,,,,,,,
CENTENNIAL,Middle School,2020,2020-21,551.0,646.0,0.8529411764705882,190.0,,,,,,,,,,,,
CENTENNIAL,Middle School,2021,2021-22,596.0,646.0,0.9226006191950464,209.0,,,,,,,,,,,,
CENTENNIAL,Middle School,2022,2022-23,572.0,646.0,0.8854489164086687,176.0,,,,,,,,,,,,
CENTENNIAL,Middle School,2023,2023-24,616.0,646.0,0.9535603715170279,199.0,177.0,240.0,,,,,,,,,,
CENTENNIAL,Middle School,2024,2024-25,595.0,646.0,0.9210526315789473,199.0,207.0,189.0,,,,,,,,,,
CENTENNIAL,Middle School,2025,2025-26,560.0,646.0,0.8668730650154799,153.0,199.0,208.0,,,,,,,,,,
CHINNOOK WEST*,Other Program,2016,2016-17,27.0,27.0,1.0,,,,,,,,,,,,,
CHINNOOK WEST*,Other Program,2017,2017-18,24.0,27.0,0.8888888888888888,,,,,,,,,,,,,
CHINNOOK WEST*,Other Program,2018,2018-19,24.0,27.0,0.8888888888888888,,,,,,,,,,,,,
CHINNOOK WEST*,Other Program,2019,2019-20,22.0,27.0,0.8148148148148148,10.0,7.0,,,,,,,,,,,
CHINNOOK WEST*,Other Program,2020,2020-21,1.0,27.0,0.037037037037037035,13.0,,,,,,,,,,,,
CHINNOOK WEST*,Other Program,2021,2021-22,26.0,27.0,0.9629629629629629,4.0,12.0,,,,,,,,,,,
CHINOOK WEST,Other Program,2014,2014-15,24.0,26.0,0.9230769230769231,,,,,,,,,,,,,
CHINOOK WEST,Other Program,2015,2015-16,22.0,26.0,0.8461538461538461,,,,,,,,,,,,,
CHINOOK WEST,Other Program,2016,2016-17,26.0,26.0,1.0,4.0,16.0,,,,,,,,,,,
CHINOOK WEST,Other Program,2017,2017-18,21.0,26.0,0.8076923076923077,6.0,12.0,,,,,,,,,,,
CHINOOK WEST*,Other Program,2019,2019-20,23.0,26.0,0.8846153846153846,,,,,,,,,,,,,
CHINOOK WEST*,Other Program,2020,2020-21,24.0,26.0,0.9230769230769231,,,,,,,,,,,,,
CHINOOK WEST*,Other Program,2021,2021-22,26.0,26.0,1.0,,,,,,,,,,,,,
CHINOOK WEST*,Other Program,2022,2022-23,22.0,26.0,0.8461538461538461,4.0,8.0,,,,,,,,,,,
CHINOOK WEST*,Other Program,2023,2023-24,25.0,26.0,0.9615384615384616,1.0,13.0,6.0,5.0,,,,,,,,,
CHINOOK WEST*,Other Program,2024,2024-25,23.0,26.0,0.8846153846153846,1.0,1.0,12.0,9.0,,,,,,,,,
CHINOOK WEST*,Other Program,2025,2025-26,24.0,26.0,0.9230769230769231,3.0,2.0,4.0,15.0,,,,,,,,,
COAL CREEK,Elementary,2014,2014-15,427.0,427.0,1.0,,,,,,,,,,,,,
COAL CREEK,Elementary,2015,2015-16,426.0,427.0,0.9976580796252927,,,,,,,,,,,,,
COAL CREEK,Elementary,2016,2016-17,416.0,427.0,0.9742388758782201,74.0,64.0,75.0,73.0,,,,,,,,,
COAL CREEK,Elementary,2017,2017-18,416.0,427.0,0.9742388758782201,71.0,83.0,68.0,76.0,,,,,,,,,
COAL CREEK,Elementary,2018,2018-19,410.0,427.0,0.9601873536299765,,,,,,,,,,,,,
COAL CREEK,Elementary,2019,2019-20,389.0,427.0,0.9110070257611241,58.0,72.0,73.0,74.0,,,,,,,,,
COAL CREEK,Elementary,2020,2020-21,334.0,427.0,0.7822014051522248,52.0,56.0,66.0,71.0,,,,,,,,,
COAL CREEK,Elementary,2021,2021-22,371.0,427.0,0.8688524590163934,55.0,63.0,63.0,79.0,,,,,,,,,
COAL CREEK,Elementary,2022,2022-23,330.0,427.0,0.7728337236533958,60.0,53.0,62.0,60.0,,,,,,,,,
COAL CREEK,Elementary,2023,2023-24,305.0,427.0,0.7142857142857143,38.0,40.0,55.0,59.0,52.0,61.0,18.0,,,,,,
COAL CREEK,Elementary,2024,2024-25,282.0,427.0,0.6604215456674473,39.0,38.0,43.0,51.0,59.0,52.0,,,,,,,
COAL CREEK,Elementary,2025,2025-26,268.0,427.0,0.6276346604215457,40.0,36.0,44.0,39.0,49.0,60.0,,,,,,,
COLUMBINE,Elementary,2014,2014-15,496.0,534.0,0.9288389513108615,,,,,,,,,,,,,
COLUMBINE,Elementary,2015,2015-16,531.0,534.0,0.9943820224719101,,,,,,,,,,,,,
COLUMBINE,Elementary,2016,2016-17,534.0,534.0,1.0,82.0,83.0,73.0,91.0,75.0,82.0,11.0,,,,,,
COLUMBINE,Elementary,2017,2017-18,532.0,534.0,0.9962546816479401,81.0,82.0,84.0,75.0,87.0,75.0,4.0,,,,,,
COLUMBINE,Elementary,2018,2018-19,497.0,534.0,0.9307116104868914,,,,,,,,,,,,,
COLUMBINE,Elementary,2019,2019-20,485.0,534.0,0.9082397003745318,71.0,70.0,74.0,80.0,80.0,77.0,5.0,,,,,,
COLUMBINE,Elementary,2020,2020-21,420.0,534.0,0.7865168539325843,47.0,67.0,57.0,71.0,72.0,72.0,4.0,,,,,,
COLUMBINE,Elementary,2021,2021-22,395.0,534.0,0.7397003745318352,53.0,53.0,63.0,54.0,69.0,68.0,2.0,,,,,,
COLUMBINE,Elementary,2022,2022-23,402.0,534.0,0.7528089887640449,55.0,56.0,53.0,64.0,60.0,74.0,1.0,,,,,,
COLUMBINE,Elementary,2023,2023-24,353.0,534.0,0.6610486891385767,57.0,51.0,54.0,60.0,62.0,69.0,40.0,,,,,,
COLUMBINE,Elementary,2024,2024-25,344.0,534.0,0.6441947565543071,53.0,52.0,59.0,59.0,59.0,62.0,,,,,,,
COLUMBINE,Elementary,2025,2025-26,313.0,534.0,0.5861423220973783,55.0,47.0,56.0,49.0,56.0,50.0,,,,,,,
COMMUNITY BASED,Elementary,2014,2014-15,12.0,79.0,0.1518987341772152,,,,,,,,,,,,,
COMMUNITY BASED,Elementary,2015,2015-16,12.0,79.0,0.1518987341772152,,,,,,,,,,,,,
COMMUNITY BASED,Elementary,2016,2016-17,1.0,79.0,0.012658227848101266,,,,,,,,,,,,,
COMMUNITY BASED,Elementary,2018,2018-19,79.0,79.0,1.0,,,,,,,,,,,,,
COMMUNITY BASED,Elementary,2019,2019-20,1.0,79.0,0.012658227848101266,6.0,,,,,,,,,,,,
COMMUNITY BASED,Elementary,2021,2021-22,2.0,79.0,0.02531645569620253,,,,,,,,,,,,,
COMMUNITY BASED,Elementary,2022,2022-23,1.0,79.0,0.012658227848101266,,,,,,,,,,,,,
CPP,Elementary,2017,2017-18,71.0,71.0,1.0,,,,,,,,,,,,,
CPP,Elementary,2018,2018-19,64.0,71.0,0.9014084507042254,,,,,,,,,,,,,
CPP,Elementary,2019,2019-20,71.0,71.0,1.0,,,,,,,,,,,,,
CPP,Elementary,2020,2020-21,64.0,71.0,0.9014084507042254,,,,,,,,,,,,,
CREEKSIDE,Elementary,2014,2014-15,333.0,382.0,0.8717277486910995,,,,,,,,,,,,,
CREEKSIDE,Elementary,2015,2015-16,332.0,382.0,0.8691099476439791,,,,,,,,,,,,,
CREEKSIDE,Elementary,2016,2016-17,319.0,382.0,0.8350785340314136,49.0,46.0,41.0,44.0,55.0,46.0,7.0,,,,,,
CREEKSIDE,Elementary,2017,2017-18,314.0,382.0,0.8219895287958116,56.0,48.0,42.0,37.0,40.0,49.0,7.0,,,,,,
CREEKSIDE,Elementary,2018,2018-19,337.0,382.0,0.8821989528795812,,,,,,,,,,,,,
CREEKSIDE,Elementary,2019,2019-20,382.0,382.0,1.0,73.0,63.0,57.0,53.0,44.0,46.0,7.0,,,,,,
CREEKSIDE,Elementary,2020,2020-21,333.0,382.0,0.8717277486910995,45.0,66.0,55.0,45.0,44.0,43.0,7.0,,,,,,
CREEKSIDE,Elementary,2021,2021-22,332.0,382.0,0.8691099476439791,56.0,51.0,57.0,52.0,46.0,42.0,9.0,,,,,,
CREEKSIDE,Elementary,2022,2022-23,372.0,382.0,0.9738219895287958,56.0,56.0,60.0,63.0,55.0,48.0,5.0,,,,,,
CREEKSIDE,Elementary,2023,2023-24,334.0,382.0,0.8743455497382199,44.0,59.0,61.0,55.0,58.0,57.0,35.0,,,,,,
CREEKSIDE,Elementary,2024,2024-25,328.0,382.0,0.8586387434554974,44.0,47.0,59.0,63.0,56.0,59.0,,,,,,,
CREEKSIDE,Elementary,2025,2025-26,289.0,382.0,0.756544502617801,34.0,43.0,42.0,56.0,59.0,55.0,,,,,,,
CREST VIEW,Elementary,2014,2014-15,586.0,605.0,0.968595041322314,,,,,,,,,,,,,
CREST VIEW,Elementary,2015,2015-16,580.0,605.0,0.9586776859504132,,,,,,,,,,,,,
CREST VIEW,Elementary,2016,2016-17,605.0,605.0,1.0,97.0,98.0,111.0,108.0,,,,,,,,,
CREST VIEW,Elementary,2017,2017-18,583.0,605.0,0.9636363636363636,101.0,87.0,108.0,113.0,,,,,,,,,
CREST VIEW,Elementary,2018,2018-19,566.0,605.0,0.9355371900826446,,,,,,,,,,,,,
CREST VIEW,Elementary,2019,2019-20,542.0,605.0,0.8958677685950414,77.0,95.0,103.0,99.0,,,,,,,,,
CREST VIEW,Elementary,2020,2020-21,449.0,605.0,0.7421487603305785,71.0,64.0,86.0,100.0,,,,,,,,,
CREST VIEW,Elementary,2021,2021-22,448.0,605.0,0.740495867768595,82.0,72.0,75.0,89.0,,,,,,,,,
CREST VIEW,Elementary,2022,2022-23,436.0,605.0,0.7206611570247934,65.0,82.0,77.0,76.0,,,,,,,,,
CREST VIEW,Elementary,2023,2023-24,409.0,605.0,0.6760330578512397,49.0,59.0,77.0,65.0,87.0,72.0,,,,,,,
CREST VIEW,Elementary,2024,2024-25,390.0,605.0,0.6446280991735537,44.0,51.0,61.0,82.0,68.0,84.0,,,,,,,
CREST VIEW,Elementary,2025,2025-26,331.0,605.0,0.547107438016529,49.0,44.0,43.0,51.0,80.0,64.0,,,,,,,
DOUGLASS,Elementary,2014,2014-15,463.0,473.0,0.9788583509513742,,,,,,,,,,,,,
DOUGLASS,Elementary,2015,2015-16,473.0,473.0,1.0,,,,,,,,,,,,,
DOUGLASS,Elementary,2016,2016-17,445.0,473.0,0.9408033826638478,43.0,70.0,73.0,81.0,92.0,74.0,18.0,,,,,,
DOUGLASS,Elementary,2017,2017-18,426.0,473.0,0.9006342494714588,55.0,42.0,73.0,73.0,80.0,92.0,9.0,,,,,,
DOUGLASS,Elementary,2018,2018-19,403.0,473.0,0.8520084566596194,,,,,,,,,,,,,
DOUGLASS,Elementary,2019,2019-20,390.0,473.0,0.8245243128964059,48.0,60.0,68.0,48.0,77.0,81.0,11.0,,,,,,
DOUGLASS,Elementary,2020,2020-21,308.0,473.0,0.6511627906976745,26.0,44.0,51.0,62.0,38.0,77.0,8.0,,,,,,
DOUGLASS,Elementary,2021,2021-22,301.0,473.0,0.6363636363636364,37.0,37.0,50.0,55.0,69.0,41.0,11.0,,,,,,
DOUGLASS,Elementary,2022,2022-23,319.0,473.0,0.6744186046511628,42.0,43.0,35.0,50.0,58.0,71.0,16.0,,,,,,
DOUGLASS,Elementary,2023,2023-24,288.0,473.0,0.6088794926004228,43.0,50.0,46.0,37.0,55.0,57.0,31.0,,,,,,
DOUGLASS,Elementary,2024,2024-25,282.0,473.0,0.5961945031712473,39.0,47.0,53.0,47.0,39.0,57.0,,,,,,,
DOUGLASS,Elementary,2025,2025-26,281.0,473.0,0.5940803382663847,44.0,40.0,46.0,59.0,49.0,43.0,,,,,,,
EISENHOWER,Elementary,2014,2014-15,405.0,418.0,0.9688995215311005,,,,,,,,,,,,,
EISENHOWER,Elementary,2015,2015-16,398.0,418.0,0.9521531100478469,,,,,,,,,,,,,
EISENHOWER,Elementary,2016,2016-17,418.0,418.0,1.0,64.0,81.0,57.0,79.0,,,,,,,,,
EISENHOWER,Elementary,2017,2017-18,386.0,418.0,0.9234449760765551,72.0,66.0,82.0,49.0,,,,,,,,,
EISENHOWER,Elementary,2018,2018-19,407.0,418.0,0.9736842105263158,,,,,,,,,,,,,
EISENHOWER,Elementary,2019,2019-20,401.0,418.0,0.9593301435406698,71.0,81.0,65.0,69.0,,,,,,,,,
EISENHOWER,Elementary,2020,2020-21,338.0,418.0,0.8086124401913876,52.0,62.0,69.0,59.0,,,,,,,,,
EISENHOWER,Elementary,2021,2021-22,353.0,418.0,0.8444976076555024,52.0,58.0,57.0,76.0,,,,,,,,,
EISENHOWER,Elementary,2022,2022-23,304.0,418.0,0.7272727272727273,59.0,49.0,58.0,54.0,,,,,,,,,
EISENHOWER,Elementary,2023,2023-24,310.0,418.0,0.7416267942583732,45.0,44.0,43.0,64.0,51.0,63.0,27.0,,,,,,
EISENHOWER,Elementary,2024,2024-25,276.0,418.0,0.6602870813397129,29.0,42.0,43.0,44.0,65.0,53.0,,,,,,,
EISENHOWER,Elementary,2025,2025-26,265.0,418.0,0.6339712918660287,41.0,25.0,40.0,43.0,47.0,69.0,,,,,,,
ELDORADO 6-8,Middle School,2014,2014-15,451.0,474.0,0.9514767932489452,,,,,,,,,,,,,
ELDORADO 6-8,Middle School,2015,2015-16,468.0,474.0,0.9873417721518988,,,,,,,,,,,,,
ELDORADO 6-8,Middle School,2016,2016-17,464.0,474.0,0.9789029535864979,160.0,,,,,,,,,,,,
ELDORADO 6-8,Middle School,2017,2017-18,474.0,474.0,1.0,163.0,,,,,,,,,,,,
ELDORADO 6-8,Middle School,2018,2018-19,454.0,474.0,0.9578059071729957,,,,,,,,,,,,,
ELDORADO 6-8,Middle School,2019,2019-20,434.0,474.0,0.9156118143459916,157.0,,,,,,,,,,,,
ELDORADO 6-8,Middle School,2020,2020-21,367.0,474.0,0.7742616033755274,123.0,,,,,,,,,,,,
ELDORADO 6-8,Middle School,2021,2021-22,344.0,474.0,0.7257383966244726,135.0,,,,,,,,,,,,
ELDORADO 6-8,Middle School,2022,2022-23,303.0,474.0,0.6392405063291139,113.0,,,,,,,,,,,,
ELDORADO 6-8,Middle School,2023,2023-24,262.0,474.0,0.5527426160337553,75.0,103.0,84.0,,,,,,,,,,
ELDORADO 6-8,Middle School,2024,2024-25,241.0,474.0,0.5084388185654009,63.0,76.0,102.0,,,,,,,,,,
ELDORADO 6-8,Middle School,2025,2025-26,167.0,474.0,0.35232067510548526,53.0,38.0,76.0,,,,,,,,,,
ELDORADO K-5,Elementary,2014,2014-15,536.0,536.0,1.0,,,,,,,,,,,,,
ELDORADO K-5,Elementary,2015,2015-16,489.0,536.0,0.9123134328358209,,,,,,,,,,,,,
ELDORADO K-5,Elementary,2016,2016-17,449.0,536.0,0.8376865671641791,71.0,77.0,85.0,105.0,,,,,,,,,
ELDORADO K-5,Elementary,2017,2017-18,411.0,536.0,0.7667910447761194,67.0,72.0,76.0,91.0,,,,,,,,,
ELDORADO K-5,Elementary,2018,2018-19,410.0,536.0,0.7649253731343284,,,,,,,,,,,,,
ELDORADO K-5,Elementary,2019,2019-20,392.0,536.0,0.7313432835820896,44.0,50.0,70.0,62.0,75.0,79.0,21.0,,,,,,
ELDORADO K-5,Elementary,2020,2020-21,326.0,536.0,0.6082089552238806,39.0,45.0,49.0,57.0,53.0,67.0,9.0,,,,,,
ELDORADO K-5,Elementary,2021,2021-22,304.0,536.0,0.5671641791044776,43.0,48.0,48.0,54.0,63.0,40.0,16.0,,,,,,
ELDORADO K-5,Elementary,2022,2022-23,294.0,536.0,0.5485074626865671,32.0,47.0,43.0,52.0,52.0,61.0,12.0,,,,,,
ELDORADO K-5,Elementary,2023,2023-24,263.0,536.0,0.4906716417910448,25.0,33.0,56.0,46.0,50.0,53.0,34.0,,,,,,
ELDORADO K-5,Elementary,2024,2024-25,257.0,536.0,0.47947761194029853,31.0,32.0,39.0,52.0,51.0,52.0,,,,,,,
ELDORADO K-5,Elementary,2025,2025-26,252.0,536.0,0.4701492537313433,39.0,38.0,37.0,40.0,44.0,54.0,,,,,,,
EMERALD,Elementary,2014,2014-15,376.0,440.0,0.8545454545454545,,,,,,,,,,,,,
EMERALD,Elementary,2015,2015-16,380.0,440.0,0.8636363636363636,,,,,,,,,,,,,
EMERALD,Elementary,2016,2016-17,392.0,440.0,0.8909090909090909,59.0,57.0,62.0,68.0,49.0,49.0,10.0,,,,,,
EMERALD,Elementary,2017,2017-18,405.0,440.0,0.9204545454545454,66.0,56.0,59.0,59.0,70.0,51.0,4.0,,,,,,
EMERALD,Elementary,2018,2018-19,440.0,440.0,1.0,,,,,,,,,,,,,
EMERALD,Elementary,2019,2019-20,419.0,440.0,0.9522727272727273,69.0,70.0,61.0,55.0,59.0,60.0,8.0,,,,,,
EMERALD,Elementary,2020,2020-21,382.0,440.0,0.8681818181818182,66.0,54.0,65.0,56.0,50.0,53.0,6.0,,,,,,
EMERALD,Elementary,2021,2021-22,377.0,440.0,0.8568181818181818,59.0,59.0,54.0,61.0,59.0,47.0,6.0,,,,,,
EMERALD,Elementary,2022,2022-23,405.0,440.0,0.9204545454545454,65.0,55.0,63.0,55.0,66.0,63.0,7.0,,,,,,
EMERALD,Elementary,2023,2023-24,358.0,440.0,0.8136363636363636,46.0,60.0,62.0,64.0,59.0,67.0,47.0,,,,,,
EMERALD,Elementary,2024,2024-25,347.0,440.0,0.7886363636363637,71.0,43.0,57.0,61.0,63.0,52.0,,,,,,,
EMERALD,Elementary,2025,2025-26,367.0,440.0,0.8340909090909091,70.0,66.0,38.0,56.0,67.0,70.0,,,,,,,
ENGAGE*,Other Program,2016,2016-17,65.0,65.0,1.0,,,,,,,,,,,,,
ENGAGE*,Other Program,2017,2017-18,1.0,65.0,0.015384615384615385,,,,,,,,,,,,,
ENGAGE*,Other Program,2018,2018-19,6.0,65.0,0.09230769230769231,,,,,,,,,,,,,
ENGAGE*,Other Program,2019,2019-20,15.0,65.0,0.23076923076923078,,,,,,,,,,,,,
FAIRVIEW,High School,2014,2014-15,2121.0,2228.0,0.9519748653500898,,,,,,,,,,,,,
FAIRVIEW,High School,2015,2015-16,2169.0,2228.0,0.9735188509874326,,,,,,,,,,,,,
FAIRVIEW,High School,2016,2016-17,2178.0,2228.0,0.9775583482944344,555.0,482.0,,,,,,,,,,,
FAIRVIEW,High School,2017,2017-18,2228.0,2228.0,1.0,568.0,546.0,,,,,,,,,,,
FAIRVIEW,High School,2018,2018-19,2174.0,2228.0,0.9757630161579892,,,,,,,,,,,,,
FAIRVIEW,High School,2019,2019-20,2130.0,2228.0,0.9560143626570916,535.0,540.0,,,,,,,,,,,
FAIRVIEW,High School,2020,2020-21,2036.0,2228.0,0.9138240574506283,479.0,540.0,,,,,,,,,,,
FAIRVIEW,High School,2021,2021-22,1972.0,2228.0,0.8850987432675045,500.0,503.0,,,,,,,,,,,
FAIRVIEW,High School,2022,2022-23,1876.0,2228.0,0.8420107719928187,500.0,493.0,,,,,,,,,,,
FAIRVIEW,High School,2023,2023-24,1841.0,2228.0,0.8263016157989228,460.0,422.0,452.0,507.0,,,,,,,,,
FAIRVIEW,High School,2024,2024-25,1845.0,2228.0,0.828096947935368,492.0,472.0,427.0,454.0,,,,,,,,,
FAIRVIEW,High School,2025,2025-26,1851.0,2228.0,0.8307899461400359,470.0,494.0,472.0,415.0,,,,,,,,,
FIRESIDE,Elementary,2014,2014-15,458.0,471.0,0.9723991507430998,,,,,,,,,,,,,
FIRESIDE,Elementary,2015,2015-16,453.0,471.0,0.9617834394904459,,,,,,,,,,,,,
FIRESIDE,Elementary,2016,2016-17,471.0,471.0,1.0,77.0,72.0,76.0,68.0,68.0,82.0,34.0,,,,,,
FIRESIDE,Elementary,2017,2017-18,454.0,471.0,0.9639065817409767,66.0,76.0,72.0,74.0,68.0,63.0,24.0,,,,,,
FIRESIDE,Elementary,2018,2018-19,453.0,471.0,0.9617834394904459,,,,,,,,,,,,,
FIRESIDE,Elementary,2019,2019-20,465.0,471.0,0.9872611464968153,71.0,66.0,74.0,77.0,75.0,73.0,15.0,,,,,,
FIRESIDE,Elementary,2020,2020-21,408.0,471.0,0.8662420382165605,57.0,65.0,52.0,62.0,72.0,68.0,10.0,,,,,,
FIRESIDE,Elementary,2021,2021-22,448.0,471.0,0.9511677282377919,69.0,72.0,74.0,65.0,62.0,77.0,16.0,,,,,,
FIRESIDE,Elementary,2022,2022-23,418.0,471.0,0.8874734607218684,58.0,66.0,72.0,71.0,62.0,58.0,17.0,,,,,,
FIRESIDE,Elementary,2023,2023-24,396.0,471.0,0.8407643312101911,58.0,66.0,66.0,75.0,69.0,62.0,39.0,,,,,,
FIRESIDE,Elementary,2024,2024-25,397.0,471.0,0.8428874734607219,54.0,59.0,74.0,62.0,80.0,68.0,,,,,,,
FIRESIDE,Elementary,2025,2025-26,407.0,471.0,0.8641188959660298,76.0,53.0,60.0,76.0,63.0,79.0,,,,,,,
FLATIRONS,Elementary,2014,2014-15,290.0,290.0,1.0,,,,,,,,,,,,,
FLATIRONS,Elementary,2015,2015-16,274.0,290.0,0.9448275862068966,,,,,,,,,,,,,
FLATIRONS,Elementary,2016,2016-17,254.0,290.0,0.8758620689655172,36.0,46.0,54.0,58.0,0.0,,,,,,,,
FLATIRONS,Elementary,2017,2017-18,245.0,290.0,0.8448275862068966,38.0,42.0,47.0,53.0,0.0,,,,,,,,
FLATIRONS,Elementary,2018,2018-19,228.0,290.0,0.7862068965517242,,,,,,,,,,,,,
FLATIRONS,Elementary,2019,2019-20,209.0,290.0,0.7206896551724138,42.0,24.0,39.0,46.0,0.0,,,,,,,,
FLATIRONS,Elementary,2020,2020-21,172.0,290.0,0.593103448275862,21.0,43.0,17.0,38.0,0.0,,,,,,,,
FLATIRONS,Elementary,2021,2021-22,182.0,290.0,0.6275862068965518,28.0,30.0,44.0,25.0,0.0,,,,,,,,
FLATIRONS,Elementary,2022,2022-23,182.0,290.0,0.6275862068965518,27.0,29.0,29.0,42.0,0.0,,,,,,,,
FLATIRONS,Elementary,2023,2023-24,164.0,290.0,0.5655172413793104,26.0,32.0,24.0,25.0,31.0,26.0,0.0,,,,,,
FLATIRONS,Elementary,2024,2024-25,162.0,290.0,0.5586206896551724,26.0,27.0,36.0,20.0,25.0,28.0,,,,,,,
FLATIRONS,Elementary,2025,2025-26,150.0,290.0,0.5172413793103449,25.0,18.0,30.0,32.0,21.0,24.0,,,,,,,
FOOTHILL,Elementary,2014,2014-15,545.0,547.0,0.9963436928702011,,,,,,,,,,,,,
FOOTHILL,Elementary,2015,2015-16,547.0,547.0,1.0,,,,,,,,,,,,,
FOOTHILL,Elementary,2016,2016-17,541.0,547.0,0.9890310786106032,79.0,101.0,89.0,113.0,,,,,,,,,
FOOTHILL,Elementary,2017,2017-18,496.0,547.0,0.906764168190128,82.0,77.0,102.0,83.0,,,,,,,,,
FOOTHILL,Elementary,2018,2018-19,457.0,547.0,0.8354661791590493,,,,,,,,,,,,,
FOOTHILL,Elementary,2019,2019-20,459.0,547.0,0.8391224862888482,80.0,89.0,81.0,81.0,,,,,,,,,
FOOTHILL,Elementary,2020,2020-21,424.0,547.0,0.7751371115173674,71.0,81.0,80.0,80.0,,,,,,,,,
FOOTHILL,Elementary,2021,2021-22,434.0,547.0,0.793418647166362,63.0,80.0,89.0,82.0,,,,,,,,,
FOOTHILL,Elementary,2022,2022-23,440.0,547.0,0.8043875685557587,68.0,66.0,84.0,88.0,,,,,,,,,
FOOTHILL,Elementary,2023,2023-24,437.0,547.0,0.7989031078610603,72.0,72.0,67.0,71.0,71.0,84.0,,,,,,,
FOOTHILL,Elementary,2024,2024-25,419.0,547.0,0.7659963436928702,52.0,76.0,74.0,73.0,70.0,74.0,,,,,,,
FOOTHILL,Elementary,2025,2025-26,434.0,547.0,0.793418647166362,67.0,62.0,78.0,81.0,76.0,70.0,,,,,,,
GOLD HILL,Elementary,2014,2014-15,27.0,27.0,1.0,,,,,,,,,,,,,
GOLD HILL,Elementary,2015,2015-16,26.0,27.0,0.9629629629629629,,,,,,,,,,,,,
GOLD HILL,Elementary,2016,2016-17,26.0,27.0,0.9629629629629629,3.0,1.0,6.0,3.0,,,,,,,,,
GOLD HILL,Elementary,2017,2017-18,19.0,27.0,0.7037037037037037,3.0,2.0,1.0,4.0,,,,,,,,,
GOLD HILL,Elementary,2018,2018-19,19.0,27.0,0.7037037037037037,,,,,,,,,,,,,
GOLD HILL,Elementary,2019,2019-20,20.0,27.0,0.7407407407407407,4.0,5.0,4.0,0.0,,,,,,,,,
GOLD HILL,Elementary,2020,2020-21,25.0,27.0,0.9259259259259259,6.0,4.0,3.0,5.0,,,,,,,,,
GOLD HILL,Elementary,2021,2021-22,17.0,27.0,0.6296296296296297,2.0,2.0,5.0,2.0,,,,,,,,,
GOLD HILL,Elementary,2022,2022-23,15.0,27.0,0.5555555555555556,2.0,2.0,2.0,5.0,,,,,,,,,
GOLD HILL,Elementary,2023,2023-24,12.0,27.0,0.4444444444444444,3.0,4.0,2.0,1.0,1.0,1.0,,,,,,,
GOLD HILL,Elementary,2024,2024-25,10.0,27.0,0.37037037037037035,0.0,3.0,4.0,2.0,1.0,0.0,,,,,,,
GOLD HILL,Elementary,2025,2025-26,11.0,27.0,0.4074074074074074,1.0,0.0,3.0,4.0,2.0,1.0,,,,,,,
HALCYON 6-8,Middle School,2016,2016-17,5.0,5.0,1.0,3.0,,,,,,,,,,,,
HALCYON 6-8,Middle School,2017,2017-18,4.0,5.0,0.8,3.0,,,,,,,,,,,,
HALCYON 9-12,High School,2014,2014-15,14.0,14.0,1.0,,,,,,,,,,,,,
HALCYON 9-12,High School,2015,2015-16,10.0,14.0,0.7142857142857143,,,,,,,,,,,,,
HALCYON 9-12,High School,2016,2016-17,12.0,14.0,0.8571428571428571,1.0,2.0,,,,,,,,,,,
HALCYON 9-12,High School,2017,2017-18,11.0,14.0,0.7857142857142857,2.0,0.0,,,,,,,,,,,
HALCYON SCHOOL*,Other Program,2016,2016-17,17.0,25.0,0.68,,,,,,,,,,,,,
HALCYON SCHOOL*,Other Program,2017,2017-18,12.0,25.0,0.48,,,,,,,,,,,,,
HALCYON SCHOOL*,Other Program,2018,2018-19,12.0,25.0,0.48,,,,,,,,,,,,,
HALCYON SCHOOL*,Other Program,2019,2019-20,23.0,25.0,0.92,1.0,0.0,2.0,0.0,5.0,0.0,2.0,2.0,7.0,2.0,2.0,,
HALCYON SCHOOL*,Other Program,2021,2021-22,20.0,25.0,0.8,0.0,0.0,0.0,1.0,3.0,1.0,5.0,1.0,3.0,4.0,2.0,,
HALCYON SCHOOL*,Other Program,2022,2022-23,25.0,25.0,1.0,0.0,0.0,2.0,0.0,1.0,3.0,3.0,8.0,3.0,3.0,2.0,,
HALCYON SCHOOL*,Other Program,2023,2023-24,20.0,25.0,0.8,0.0,0.0,0.0,0.0,0.0,3.0,0.0,3.0,1.0,4.0,4.0,4.0,1.0
HALCYON SCHOOL*,Other Program,2024,2024-25,21.0,25.0,0.84,0.0,0.0,0.0,1.0,1.0,0.0,2.0,0.0,6.0,4.0,3.0,2.0,2.0
HALCYON SCHOOL*,Other Program,2025,2025-26,24.0,25.0,0.96,0.0,0.0,0.0,0.0,3.0,1.0,2.0,1.0,1.0,6.0,5.0,4.0,1.0
HEATHERWOOD,Elementary,2014,2014-15,384.0,385.0,0.9974025974025974,,,,,,,,,,,,,
HEATHERWOOD,Elementary,2015,2015-16,385.0,385.0,1.0,,,,,,,,,,,,,
HEATHERWOOD,Elementary,2016,2016-17,378.0,385.0,0.9818181818181818,58.0,53.0,64.0,63.0,66.0,56.0,6.0,,,,,,
HEATHERWOOD,Elementary,2017,2017-18,347.0,385.0,0.9012987012987013,47.0,54.0,49.0,60.0,56.0,71.0,10.0,,,,,,
HEATHERWOOD,Elementary,2018,2018-19,312.0,385.0,0.8103896103896104,,,,,,,,,,,,,
HEATHERWOOD,Elementary,2019,2019-20,285.0,385.0,0.7402597402597403,38.0,40.0,46.0,45.0,44.0,54.0,17.0,,,,,,
HEATHERWOOD,Elementary,2020,2020-21,237.0,385.0,0.6155844155844156,39.0,34.0,38.0,38.0,36.0,39.0,18.0,,,,,,
HEATHERWOOD,Elementary,2021,2021-22,250.0,385.0,0.6493506493506493,40.0,41.0,38.0,36.0,43.0,37.0,13.0,,,,,,
HEATHERWOOD,Elementary,2022,2022-23,248.0,385.0,0.6441558441558441,26.0,43.0,37.0,44.0,37.0,46.0,13.0,,,,,,
HEATHERWOOD,Elementary,2023,2023-24,226.0,385.0,0.587012987012987,37.0,28.0,43.0,41.0,43.0,34.0,30.0,,,,,,
HEATHERWOOD,Elementary,2024,2024-25,234.0,385.0,0.6077922077922078,38.0,38.0,29.0,47.0,38.0,44.0,,,,,,,
HEATHERWOOD,Elementary,2025,2025-26,225.0,385.0,0.5844155844155844,33.0,39.0,39.0,28.0,47.0,39.0,,,,,,,
HIGH PEAKS,Elementary,2014,2014-15,297.0,314.0,0.945859872611465,,,,,,,,,,,,,
HIGH PEAKS,Elementary,2015,2015-16,314.0,314.0,1.0,,,,,,,,,,,,,
HIGH PEAKS,Elementary,2016,2016-17,307.0,314.0,0.9777070063694268,36.0,45.0,50.0,54.0,53.0,53.0,9.0,,,,,,
HIGH PEAKS,Elementary,2017,2017-18,307.0,314.0,0.9777070063694268,42.0,45.0,49.0,52.0,56.0,55.0,5.0,,,,,,
HIGH PEAKS,Elementary,2018,2018-19,291.0,314.0,0.9267515923566879,,,,,,,,,,,,,
HIGH PEAKS,Elementary,2019,2019-20,296.0,314.0,0.9426751592356688,47.0,51.0,52.0,53.0,,,,,,,,,
HIGH PEAKS,Elementary,2020,2020-21,273.0,314.0,0.8694267515923567,45.0,48.0,52.0,50.0,,,,,,,,,
HIGH PEAKS,Elementary,2021,2021-22,260.0,314.0,0.8280254777070064,40.0,51.0,46.0,48.0,,,,,,,,,
HIGH PEAKS,Elementary,2022,2022-23,266.0,314.0,0.8471337579617835,41.0,45.0,49.0,45.0,,,,,,,,,
HIGH PEAKS,Elementary,2023,2023-24,247.0,314.0,0.7866242038216561,26.0,43.0,41.0,46.0,41.0,50.0,,,,,,,
HIGH PEAKS,Elementary,2024,2024-25,257.0,314.0,0.8184713375796179,43.0,37.0,43.0,47.0,47.0,40.0,,,,,,,
HIGH PEAKS,Elementary,2025,2025-26,283.0,314.0,0.9012738853503185,47.0,47.0,39.0,48.0,52.0,50.0,,,,,,,
HORIZONS 6-8,Middle School,2014,2014-15,116.0,122.0,0.9508196721311475,,,,,,,,,,,,,
HORIZONS 6-8,Middle School,2015,2015-16,111.0,122.0,0.9098360655737705,,,,,,,,,,,,,
HORIZONS 6-8,Middle School,2016,2016-17,116.0,122.0,0.9508196721311475,41.0,,,,,,,,,,,,
HORIZONS 6-8,Middle School,2017,2017-18,114.0,122.0,0.9344262295081968,38.0,,,,,,,,,,,,
HORIZONS 6-8,Middle School,2018,2018-19,114.0,122.0,0.9344262295081968,,,,,,,,,,,,,
HORIZONS 6-8,Middle School,2019,2019-20,118.0,122.0,0.9672131147540983,41.0,,,,,,,,,,,,
HORIZONS 6-8,Middle School,2020,2020-21,119.0,122.0,0.9754098360655737,39.0,,,,,,,,,,,,
HORIZONS 6-8,Middle School,2021,2021-22,117.0,122.0,0.9590163934426229,33.0,,,,,,,,,,,,
HORIZONS 6-8,Middle School,2022,2022-23,118.0,122.0,0.9672131147540983,38.0,,,,,,,,,,,,
HORIZONS 6-8,Middle School,2023,2023-24,116.0,122.0,0.9508196721311475,38.0,34.0,44.0,,,,,,,,,,
HORIZONS 6-8,Middle School,2024,2024-25,118.0,122.0,0.9672131147540983,40.0,42.0,36.0,,,,,,,,,,
HORIZONS 6-8,Middle School,2025,2025-26,122.0,122.0,1.0,43.0,37.0,42.0,,,,,,,,,,
HORIZONS K-5,Elementary,2014,2014-15,231.0,246.0,0.9390243902439024,,,,,,,,,,,,,
HORIZONS K-5,Elementary,2015,2015-16,237.0,246.0,0.9634146341463414,,,,,,,,,,,,,
HORIZONS K-5,Elementary,2016,2016-17,232.0,246.0,0.943089430894309,39.0,39.0,39.0,42.0,,,,,,,,,
HORIZONS K-5,Elementary,2017,2017-18,234.0,246.0,0.9512195121951219,36.0,38.0,42.0,42.0,,,,,,,,,
HORIZONS K-5,Elementary,2018,2018-19,234.0,246.0,0.9512195121951219,,,,,,,,,,,,,
HORIZONS K-5,Elementary,2019,2019-20,230.0,246.0,0.9349593495934959,38.0,38.0,40.0,42.0,,,,,,,,,
HORIZONS K-5,Elementary,2020,2020-21,229.0,246.0,0.9308943089430894,39.0,39.0,37.0,41.0,,,,,,,,,
HORIZONS K-5,Elementary,2021,2021-22,232.0,246.0,0.943089430894309,40.0,42.0,39.0,39.0,,,,,,,,,
HORIZONS K-5,Elementary,2022,2022-23,230.0,246.0,0.9349593495934959,39.0,39.0,42.0,40.0,,,,,,,,,
HORIZONS K-5,Elementary,2023,2023-24,244.0,246.0,0.991869918699187,33.0,40.0,40.0,41.0,43.0,47.0,,,,,,,
HORIZONS K-5,Elementary,2024,2024-25,238.0,246.0,0.967479674796748,28.0,39.0,42.0,43.0,43.0,43.0,,,,,,,
HORIZONS K-5,Elementary,2025,2025-26,246.0,246.0,1.0,38.0,38.0,41.0,44.0,42.0,43.0,,,,,,,
JAMESTOWN,Elementary,2014,2014-15,15.0,20.0,0.75,,,,,,,,,,,,,
JAMESTOWN,Elementary,2015,2015-16,18.0,20.0,0.9,,,,,,,,,,,,,
JAMESTOWN,Elementary,2016,2016-17,19.0,20.0,0.95,2.0,1.0,4.0,5.0,,,,,,,,,
JAMESTOWN,Elementary,2017,2017-18,17.0,20.0,0.85,5.0,2.0,1.0,4.0,,,,,,,,,
JAMESTOWN,Elementary,2018,2018-19,15.0,20.0,0.75,,,,,,,,,,,,,
JAMESTOWN,Elementary,2019,2019-20,20.0,20.0,1.0,2.0,2.0,7.0,1.0,,,,,,,,,
JAMESTOWN,Elementary,2020,2020-21,19.0,20.0,0.95,3.0,1.0,3.0,6.0,,,,,,,,,
JAMESTOWN,Elementary,2021,2021-22,20.0,20.0,1.0,4.0,5.0,2.0,3.0,,,,,,,,,
JAMESTOWN,Elementary,2022,2022-23,17.0,20.0,0.85,2.0,4.0,5.0,1.0,,,,,,,,,
JAMESTOWN,Elementary,2023,2023-24,18.0,20.0,0.9,4.0,2.0,3.0,2.0,3.0,4.0,,,,,,,
JAMESTOWN,Elementary,2024,2024-25,17.0,20.0,0.85,4.0,3.0,2.0,3.0,2.0,3.0,,,,,,,
JAMESTOWN,Elementary,2025,2025-26,17.0,20.0,0.85,4.0,4.0,2.0,3.0,3.0,1.0,,,,,,,
JUSTICE HIGH 6-8,Middle School,2014,2014-15,2.0,10.0,0.2,,,,,,,,,,,,,
JUSTICE HIGH 6-8,Middle School,2015,2015-16,3.0,10.0,0.3,,,,,,,,,,,,,
JUSTICE HIGH 6-8,Middle School,2016,2016-17,4.0,10.0,0.4,1.0,,,,,,,,,,,,
JUSTICE HIGH 6-8,Middle School,2017,2017-18,3.0,10.0,0.3,1.0,,,,,,,,,,,,
JUSTICE HIGH 6-8,Middle School,2018,2018-19,3.0,10.0,0.3,,,,,,,,,,,,,
JUSTICE HIGH 6-8,Middle School,2019,2019-20,8.0,10.0,0.8,4.0,,,,,,,,,,,,
JUSTICE HIGH 6-8,Middle School,2020,2020-21,3.0,10.0,0.3,3.0,,,,,,,,,,,,
JUSTICE HIGH 6-8,Middle School,2022,2022-23,7.0,10.0,0.7,1.0,,,,,,,,,,,,
JUSTICE HIGH 6-8,Middle School,2023,2023-24,10.0,10.0,1.0,0.0,3.0,7.0,,,,,,,,,,
JUSTICE HIGH 6-8,Middle School,2024,2024-25,10.0,10.0,1.0,0.0,2.0,8.0,,,,,,,,,,
JUSTICE HIGH 6-8,Middle School,2025,2025-26,6.0,10.0,0.6,0.0,2.0,4.0,,,,,,,,,,
JUSTICE HIGH 9-12,High School,2014,2014-15,118.0,118.0,1.0,,,,,,,,,,,,,
JUSTICE HIGH 9-12,High School,2015,2015-16,74.0,118.0,0.6271186440677966,,,,,,,,,,,,,
JUSTICE HIGH 9-12,High School,2016,2016-17,84.0,118.0,0.711864406779661,20.0,42.0,,,,,,,,,,,
JUSTICE HIGH 9-12,High School,2017,2017-18,75.0,118.0,0.635593220338983,26.0,38.0,,,,,,,,,,,
JUSTICE HIGH 9-12,High School,2018,2018-19,93.0,118.0,0.788135593220339,,,,,,,,,,,,,
JUSTICE HIGH 9-12,High School,2019,2019-20,87.0,118.0,0.7372881355932204,12.0,53.0,,,,,,,,,,,
JUSTICE HIGH 9-12,High School,2020,2020-21,84.0,118.0,0.711864406779661,18.0,51.0,,,,,,,,,,,
JUSTICE HIGH 9-12,High School,2021,2021-22,81.0,118.0,0.6864406779661016,9.0,59.0,,,,,,,,,,,
JUSTICE HIGH 9-12,High School,2022,2022-23,95.0,118.0,0.8050847457627118,22.0,45.0,,,,,,,,,,,
JUSTICE HIGH 9-12,High School,2023,2023-24,92.0,118.0,0.7796610169491526,6.0,19.0,31.0,36.0,,,,,,,,,
JUSTICE HIGH 9-12,High School,2024,2024-25,96.0,118.0,0.8135593220338984,12.0,15.0,26.0,43.0,,,,,,,,,
JUSTICE HIGH 9-12,High School,2025,2025-26,86.0,118.0,0.7288135593220338,18.0,18.0,19.0,31.0,,,,,,,,,
KOHL,Elementary,2014,2014-15,487.0,487.0,1.0,,,,,,,,,,,,,
KOHL,Elementary,2015,2015-16,481.0,487.0,0.9876796714579056,,,,,,,,,,,,,
KOHL,Elementary,2016,2016-17,479.0,487.0,0.9835728952772074,74.0,64.0,73.0,83.0,77.0,82.0,6.0,,,,,,
KOHL,Elementary,2017,2017-18,446.0,487.0,0.9158110882956879,52.0,73.0,60.0,75.0,82.0,80.0,5.0,,,,,,
KOHL,Elementary,2018,2018-19,423.0,487.0,0.8685831622176592,,,,,,,,,,,,,
KOHL,Elementary,2019,2019-20,381.0,487.0,0.7823408624229979,43.0,59.0,54.0,75.0,50.0,77.0,4.0,,,,,,
KOHL,Elementary,2020,2020-21,311.0,487.0,0.6386036960985626,38.0,43.0,51.0,55.0,66.0,45.0,4.0,,,,,,
KOHL,Elementary,2021,2021-22,313.0,487.0,0.6427104722792608,44.0,43.0,45.0,46.0,53.0,62.0,5.0,,,,,,
KOHL,Elementary,2022,2022-23,290.0,487.0,0.5954825462012321,45.0,47.0,41.0,42.0,46.0,47.0,5.0,,,,,,
KOHL,Elementary,2023,2023-24,255.0,487.0,0.5236139630390144,33.0,44.0,42.0,39.0,47.0,50.0,28.0,,,,,,
KOHL,Elementary,2024,2024-25,255.0,487.0,0.5236139630390144,43.0,38.0,45.0,44.0,37.0,48.0,,,,,,,
KOHL,Elementary,2025,2025-26,256.0,487.0,0.5256673511293635,50.0,39.0,40.0,46.0,40.0,41.0,,,,,,,
LAFAYETTE,Elementary,2014,2014-15,590.0,657.0,0.898021308980213,,,,,,,,,,,,,
LAFAYETTE,Elementary,2015,2015-16,592.0,657.0,0.9010654490106544,,,,,,,,,,,,,
LAFAYETTE,Elementary,2016,2016-17,657.0,657.0,1.0,105.0,101.0,108.0,100.0,118.0,102.0,9.0,,,,,,
LAFAYETTE,Elementary,2017,2017-18,486.0,657.0,0.7397260273972602,67.0,88.0,77.0,79.0,72.0,85.0,11.0,,,,,,
LAFAYETTE,Elementary,2018,2018-19,449.0,657.0,0.6834094368340944,,,,,,,,,,,,,
LAFAYETTE,Elementary,2019,2019-20,489.0,657.0,0.7442922374429224,76.0,76.0,76.0,89.0,73.0,82.0,13.0,,,,,,
LAFAYETTE,Elementary,2020,2020-21,433.0,657.0,0.6590563165905632,51.0,75.0,67.0,74.0,77.0,68.0,3.0,,,,,,
LAFAYETTE,Elementary,2021,2021-22,466.0,657.0,0.7092846270928462,76.0,72.0,75.0,70.0,77.0,82.0,12.0,,,,,,
LAFAYETTE,Elementary,2022,2022-23,476.0,657.0,0.7245053272450532,63.0,74.0,72.0,77.0,69.0,77.0,10.0,,,,,,
LAFAYETTE,Elementary,2023,2023-24,445.0,657.0,0.6773211567732116,64.0,70.0,83.0,74.0,83.0,71.0,36.0,,,,,,
LAFAYETTE,Elementary,2024,2024-25,465.0,657.0,0.7077625570776256,72.0,67.0,78.0,88.0,74.0,86.0,,,,,,,
LAFAYETTE,Elementary,2025,2025-26,449.0,657.0,0.6834094368340944,63.0,76.0,72.0,71.0,88.0,79.0,,,,,,,
LOUISVILLE,Elementary,2014,2014-15,584.0,584.0,1.0,,,,,,,,,,,,,
LOUISVILLE,Elementary,2015,2015-16,582.0,584.0,0.9965753424657534,,,,,,,,,,,,,
LOUISVILLE,Elementary,2016,2016-17,568.0,584.0,0.9726027397260274,88.0,103.0,105.0,104.0,0.0,,,,,,,,
LOUISVILLE,Elementary,2017,2017-18,552.0,584.0,0.9452054794520548,94.0,89.0,102.0,107.0,0.0,,,,,,,,
LOUISVILLE,Elementary,2018,2018-19,563.0,584.0,0.964041095890411,,,,,,,,,,,,,
LOUISVILLE,Elementary,2019,2019-20,516.0,584.0,0.8835616438356164,88.0,94.0,103.0,81.0,0.0,,,,,,,,
LOUISVILLE,Elementary,2020,2020-21,453.0,584.0,0.7756849315068494,70.0,72.0,91.0,97.0,0.0,,,,,,,,
LOUISVILLE,Elementary,2021,2021-22,454.0,584.0,0.7773972602739726,80.0,69.0,84.0,92.0,0.0,,,,,,,,
LOUISVILLE,Elementary,2022,2022-23,453.0,584.0,0.7756849315068494,72.0,79.0,76.0,92.0,0.0,,,,,,,,
LOUISVILLE,Elementary,2023,2023-24,422.0,584.0,0.7226027397260274,58.0,54.0,74.0,72.0,83.0,81.0,17.0,,,,,,
LOUISVILLE,Elementary,2024,2024-25,417.0,584.0,0.714041095890411,65.0,59.0,52.0,76.0,75.0,90.0,,,,,,,
LOUISVILLE,Elementary,2025,2025-26,381.0,584.0,0.6523972602739726,46.0,64.0,60.0,59.0,75.0,77.0,,,,,,,
LOUISVILLE MIDDLE,Middle School,2014,2014-15,633.0,678.0,0.9336283185840708,,,,,,,,,,,,,
LOUISVILLE MIDDLE,Middle School,2015,2015-16,621.0,678.0,0.915929203539823,,,,,,,,,,,,,
LOUISVILLE MIDDLE,Middle School,2016,2016-17,643.0,678.0,0.948377581120944,207.0,,,,,,,,,,,,
LOUISVILLE MIDDLE,Middle School,2017,2017-18,659.0,678.0,0.971976401179941,210.0,,,,,,,,,,,,
LOUISVILLE MIDDLE,Middle School,2018,2018-19,678.0,678.0,1.0,,,,,,,,,,,,,
LOUISVILLE MIDDLE,Middle School,2019,2019-20,653.0,678.0,0.9631268436578171,219.0,,,,,,,,,,,,
LOUISVILLE MIDDLE,Middle School,2020,2020-21,603.0,678.0,0.8893805309734514,218.0,,,,,,,,,,,,
LOUISVILLE MIDDLE,Middle School,2021,2021-22,590.0,678.0,0.8702064896755162,183.0,,,,,,,,,,,,
LOUISVILLE MIDDLE,Middle School,2022,2022-23,595.0,678.0,0.8775811209439528,200.0,,,,,,,,,,,,
LOUISVILLE MIDDLE,Middle School,2023,2023-24,608.0,678.0,0.8967551622418879,208.0,202.0,198.0,,,,,,,,,,
LOUISVILLE MIDDLE,Middle School,2024,2024-25,625.0,678.0,0.9218289085545722,207.0,211.0,207.0,,,,,,,,,,
LOUISVILLE MIDDLE,Middle School,2025,2025-26,624.0,678.0,0.9203539823008849,205.0,205.0,214.0,,,,,,,,,,
MANHATTAN SA&A,Middle School,2014,2014-15,543.0,543.0,1.0,,,,,,,,,,,,,
MANHATTAN SA&A,Middle School,2015,2015-16,493.0,543.0,0.9079189686924494,,,,,,,,,,,,,
MANHATTAN SA&A,Middle School,2016,2016-17,459.0,543.0,0.8453038674033149,168.0,,,,,,,,,,,,
MANHATTAN SA&A,Middle School,2017,2017-18,489.0,543.0,0.9005524861878453,148.0,,,,,,,,,,,,
MANHATTAN SA&A,Middle School,2018,2018-19,490.0,543.0,0.9023941068139963,,,,,,,,,,,,,
MANHATTAN SA&A,Middle School,2019,2019-20,541.0,543.0,0.996316758747698,187.0,,,,,,,,,,,,
MANHATTAN SA&A,Middle School,2020,2020-21,438.0,543.0,0.8066298342541437,133.0,,,,,,,,,,,,
MANHATTAN SA&A,Middle School,2021,2021-22,429.0,543.0,0.7900552486187845,181.0,,,,,,,,,,,,
MANHATTAN SA&A,Middle School,2022,2022-23,400.0,543.0,0.7366482504604052,122.0,,,,,,,,,,,,
MANHATTAN SA&A,Middle School,2023,2023-24,418.0,543.0,0.7697974217311234,136.0,159.0,123.0,,,,,,,,,,
MANHATTAN SA&A,Middle School,2024,2024-25,481.0,543.0,0.8858195211786372,177.0,144.0,160.0,,,,,,,,,,
MANHATTAN SA&A,Middle School,2025,2025-26,450.0,543.0,0.8287292817679558,133.0,180.0,137.0,,,,,,,,,,
MAPLETON ECE,Elementary,2014,2014-15,76.0,76.0,1.0,,,,,,,,,,,,,
MAPLETON ECE,Elementary,2015,2015-16,38.0,76.0,0.5,,,,,,,,,,,,,
MAPLETON ECE,Elementary,2016,2016-17,41.0,76.0,0.5394736842105263,,,,,,,,,,,,,
MAPLETON ECE,Elementary,2017,2017-18,45.0,76.0,0.5921052631578947,,,,,,,,,,,,,
MAPLETON ECE,Elementary,2018,2018-19,74.0,76.0,0.9736842105263158,,,,,,,,,,,,,
MAPLETON ECE,Elementary,2019,2019-20,76.0,76.0,1.0,31.0,,,,,,,,,,,,
MAPLETON ECE,Elementary,2020,2020-21,73.0,76.0,0.9605263157894737,15.0,,,,,,,,,,,,
MAPLETON ECE,Elementary,2021,2021-22,63.0,76.0,0.8289473684210527,24.0,,,,,,,,,,,,
MAPLETON ECE,Elementary,2022,2022-23,52.0,76.0,0.6842105263157895,34.0,,,,,,,,,,,,
MAPLETON ECE,Elementary,2023,2023-24,61.0,76.0,0.8026315789473685,,,,,,,,,,,,,
MEADOWLARK,Elementary,2017,2017-18,343.0,343.0,1.0,58.0,60.0,51.0,60.0,50.0,46.0,12.0,,,,,,
MEADOWLARK K-5,Elementary,2017,2017-18,342.0,505.0,0.6772277227722773,,,,,,,,,,,,,
MEADOWLARK K-5,Elementary,2018,2018-19,452.0,505.0,0.8950495049504951,,,,,,,,,,,,,
MEADOWLARK K-5,Elementary,2019,2019-20,484.0,505.0,0.9584158415841584,81.0,94.0,76.0,81.0,60.0,71.0,37.0,,,,,,
MEADOWLARK K-5,Elementary,2020,2020-21,466.0,505.0,0.9227722772277228,64.0,90.0,84.0,72.0,70.0,58.0,27.0,,,,,,
MEADOWLARK K-5,Elementary,2021,2021-22,478.0,505.0,0.9465346534653465,72.0,68.0,91.0,79.0,74.0,65.0,16.0,,,,,,
MEADOWLARK K-5,Elementary,2022,2022-23,505.0,505.0,1.0,68.0,83.0,73.0,91.0,82.0,79.0,29.0,,,,,,
MEADOWLARK K-5,Elementary,2023,2023-24,465.0,505.0,0.9207920792079208,65.0,68.0,87.0,70.0,90.0,85.0,69.0,,,,,,
MEADOWLARK K-5,Elementary,2024,2024-25,468.0,505.0,0.9267326732673268,75.0,66.0,75.0,86.0,75.0,91.0,,,,,,,
MEADOWLARK K-5,Elementary,2025,2025-26,472.0,505.0,0.9346534653465347,84.0,78.0,69.0,82.0,83.0,76.0,,,,,,,
MEADOWLARK SCHOOL,Middle School,2017,2017-18,112.0,237.0,0.47257383966244726,22.0,,,,,,,,,,,,
MEADOWLARK SCHOOL,Middle School,2018,2018-19,140.0,237.0,0.5907172995780591,,,,,,,,,,,,,
MEADOWLARK SCHOOL,Middle School,2019,2019-20,184.0,237.0,0.7763713080168776,68.0,,,,,,,,,,,,
MEADOWLARK SCHOOL,Middle School,2020,2020-21,179.0,237.0,0.7552742616033755,54.0,,,,,,,,,,,,
MEADOWLARK SCHOOL,Middle School,2021,2021-22,170.0,237.0,0.7172995780590717,57.0,,,,,,,,,,,,
MEADOWLARK SCHOOL,Middle School,2022,2022-23,186.0,237.0,0.7848101265822784,57.0,,,,,,,,,,,,
MEADOWLARK SCHOOL,Middle School,2023,2023-24,219.0,237.0,0.9240506329113924,82.0,70.0,67.0,,,,,,,,,,
MEADOWLARK SCHOOL,Middle School,2024,2024-25,226.0,237.0,0.9535864978902954,78.0,81.0,67.0,,,,,,,,,,
MEADOWLARK SCHOOL,Middle School,2025,2025-26,237.0,237.0,1.0,84.0,77.0,76.0,,,,,,,,,,
MESA,Elementary,2014,2014-15,330.0,330.0,1.0,,,,,,,,,,,,,
MESA,Elementary,2015,2015-16,320.0,330.0,0.9696969696969697,,,,,,,,,,,,,
MESA,Elementary,2016,2016-17,288.0,330.0,0.8727272727272727,48.0,49.0,58.0,56.0,,,,,,,,,
MESA,Elementary,2017,2017-18,272.0,330.0,0.8242424242424242,45.0,49.0,52.0,56.0,,,,,,,,,
MESA,Elementary,2018,2018-19,260.0,330.0,0.7878787878787878,,,,,,,,,,,,,
MESA,Elementary,2019,2019-20,261.0,330.0,0.7909090909090909,41.0,44.0,48.0,54.0,,,,,,,,,
MESA,Elementary,2020,2020-21,237.0,330.0,0.7181818181818181,41.0,42.0,40.0,50.0,,,,,,,,,
MESA,Elementary,2021,2021-22,247.0,330.0,0.7484848484848485,38.0,41.0,48.0,43.0,,,,,,,,,
MESA,Elementary,2022,2022-23,245.0,330.0,0.7424242424242424,43.0,42.0,46.0,49.0,,,,,,,,,
MESA,Elementary,2023,2023-24,233.0,330.0,0.706060606060606,26.0,33.0,34.0,44.0,46.0,50.0,13.0,,,,,,
MESA,Elementary,2024,2024-25,231.0,330.0,0.7,33.0,27.0,37.0,41.0,44.0,49.0,,,,,,,
MESA,Elementary,2025,2025-26,225.0,330.0,0.6818181818181818,28.0,36.0,31.0,37.0,46.0,47.0,,,,,,,
MONARCH,High School,2014,2014-15,1641.0,1726.0,0.9507531865585168,,,,,,,,,,,,,
MONARCH,High School,2015,2015-16,1653.0,1726.0,0.9577056778679026,,,,,,,,,,,,,
MONARCH,High School,2016,2016-17,1708.0,1726.0,0.9895712630359212,420.0,416.0,,,,,,,,,,,
MONARCH,High School,2017,2017-18,1726.0,1726.0,1.0,451.0,416.0,,,,,,,,,,,
MONARCH,High School,2018,2018-19,1706.0,1726.0,0.9884125144843569,,,,,,,,,,,,,
MONARCH,High School,2019,2019-20,1667.0,1726.0,0.9658169177288528,449.0,408.0,,,,,,,,,,,
MONARCH,High School,2020,2020-21,1582.0,1726.0,0.9165701042873696,358.0,429.0,,,,,,,,,,,
MONARCH,High School,2021,2021-22,1514.0,1726.0,0.8771726535341831,403.0,359.0,,,,,,,,,,,
MONARCH,High School,2022,2022-23,1516.0,1726.0,0.8783314020857474,400.0,403.0,,,,,,,,,,,
MONARCH,High School,2023,2023-24,1442.0,1726.0,0.8354577056778679,342.0,356.0,348.0,396.0,,,,,,,,,
MONARCH,High School,2024,2024-25,1421.0,1726.0,0.8232908458864426,384.0,351.0,346.0,340.0,,,,,,,,,
MONARCH,High School,2025,2025-26,1453.0,1726.0,0.8418308227114716,377.0,387.0,345.0,344.0,,,,,,,,,
MONARCH 6-8,Middle School,2014,2014-15,471.0,471.0,1.0,,,,,,,,,,,,,
MONARCH 6-8,Middle School,2015,2015-16,461.0,471.0,0.9787685774946921,,,,,,,,,,,,,
MONARCH 6-8,Middle School,2016,2016-17,467.0,471.0,0.9915074309978769,160.0,,,,,,,,,,,,
MONARCH 6-8,Middle School,2017,2017-18,405.0,471.0,0.8598726114649682,145.0,,,,,,,,,,,,
MONARCH 6-8,Middle School,2018,2018-19,394.0,471.0,0.8365180467091295,,,,,,,,,,,,,
MONARCH 6-8,Middle School,2019,2019-20,377.0,471.0,0.8004246284501062,121.0,,,,,,,,,,,,
MONARCH 6-8,Middle School,2020,2020-21,345.0,471.0,0.732484076433121,128.0,,,,,,,,,,,,
MONARCH 6-8,Middle School,2021,2021-22,368.0,471.0,0.7813163481953291,119.0,,,,,,,,,,,,
MONARCH 6-8,Middle School,2022,2022-23,383.0,471.0,0.8131634819532909,113.0,,,,,,,,,,,,
MONARCH 6-8,Middle School,2023,2023-24,411.0,471.0,0.8726114649681529,124.0,141.0,146.0,,,,,,,,,,
MONARCH 6-8,Middle School,2024,2024-25,399.0,471.0,0.8471337579617835,126.0,132.0,141.0,,,,,,,,,,
MONARCH 6-8,Middle School,2025,2025-26,422.0,471.0,0.8959660297239915,135.0,147.0,140.0,,,,,,,,,,
MONARCH K-5,Elementary,2014,2014-15,417.0,419.0,0.9952267303102625,,,,,,,,,,,,,
MONARCH K-5,Elementary,2015,2015-16,419.0,419.0,1.0,,,,,,,,,,,,,
MONARCH K-5,Elementary,2016,2016-17,414.0,419.0,0.9880668257756563,51.0,56.0,77.0,59.0,74.0,60.0,19.0,,,,,,
MONARCH K-5,Elementary,2017,2017-18,418.0,419.0,0.9976133651551312,47.0,68.0,52.0,69.0,70.0,72.0,18.0,,,,,,
MONARCH K-5,Elementary,2018,2018-19,379.0,419.0,0.9045346062052506,,,,,,,,,,,,,
MONARCH K-5,Elementary,2019,2019-20,384.0,419.0,0.9164677804295943,60.0,45.0,58.0,61.0,59.0,65.0,5.0,,,,,,
MONARCH K-5,Elementary,2020,2020-21,333.0,419.0,0.7947494033412887,37.0,56.0,40.0,51.0,62.0,55.0,5.0,,,,,,
MONARCH K-5,Elementary,2021,2021-22,311.0,419.0,0.7422434367541766,36.0,39.0,50.0,47.0,54.0,64.0,18.0,,,,,,
MONARCH K-5,Elementary,2022,2022-23,322.0,419.0,0.7684964200477327,34.0,34.0,47.0,57.0,52.0,62.0,10.0,,,,,,
MONARCH K-5,Elementary,2023,2023-24,275.0,419.0,0.6563245823389021,39.0,36.0,40.0,47.0,58.0,55.0,53.0,,,,,,
MONARCH K-5,Elementary,2024,2024-25,266.0,419.0,0.6348448687350835,41.0,36.0,40.0,41.0,48.0,60.0,,,,,,,
MONARCH K-5,Elementary,2025,2025-26,264.0,419.0,0.630071599045346,43.0,33.0,39.0,44.0,55.0,50.0,,,,,,,
MONTESSORI SCHOOL,Elementary,2014,2014-15,270.0,270.0,1.0,,,,,,,,,,,,,
MONTESSORI SCHOOL,Elementary,2015,2015-16,262.0,270.0,0.9703703703703703,,,,,,,,,,,,,
MONTESSORI SCHOOL,Elementary,2016,2016-17,251.0,270.0,0.9296296296296296,43.0,45.0,43.0,44.0,37.0,39.0,61.0,,,,,,
MONTESSORI SCHOOL,Elementary,2017,2017-18,248.0,270.0,0.9185185185185185,40.0,47.0,46.0,40.0,38.0,37.0,54.0,,,,,,
MONTESSORI SCHOOL,Elementary,2018,2018-19,254.0,270.0,0.9407407407407408,,,,,,,,,,,,,
MONTESSORI SCHOOL,Elementary,2019,2019-20,252.0,270.0,0.9333333333333333,41.0,42.0,47.0,40.0,40.0,42.0,56.0,,,,,,
MONTESSORI SCHOOL,Elementary,2020,2020-21,208.0,270.0,0.7703703703703704,33.0,39.0,32.0,35.0,33.0,36.0,33.0,,,,,,
MONTESSORI SCHOOL,Elementary,2021,2021-22,214.0,270.0,0.7925925925925926,36.0,39.0,40.0,33.0,33.0,32.0,49.0,,,,,,
MONTESSORI SCHOOL,Elementary,2022,2022-23,228.0,270.0,0.8444444444444444,43.0,33.0,46.0,40.0,34.0,32.0,48.0,,,,,,
MONTESSORI SCHOOL,Elementary,2023,2023-24,229.0,270.0,0.8481481481481481,42.0,41.0,35.0,43.0,37.0,31.0,50.0,,,,,,
MONTESSORI SCHOOL,Elementary,2024,2024-25,232.0,270.0,0.8592592592592593,41.0,38.0,42.0,37.0,41.0,33.0,,,,,,,
MONTESSORI SCHOOL,Elementary,2025,2025-26,195.0,270.0,0.7222222222222222,33.0,34.0,29.0,38.0,25.0,36.0,,,,,,,
NEDERLAND,Elementary,2014,2014-15,285.0,285.0,1.0,,,,,,,,,,,,,
NEDERLAND,Elementary,2015,2015-16,276.0,285.0,0.968421052631579,,,,,,,,,,,,,
NEDERLAND,Elementary,2016,2016-17,276.0,285.0,0.968421052631579,34.0,43.0,50.0,39.0,49.0,45.0,8.0,,,,,,
NEDERLAND,Elementary,2017,2017-18,274.0,285.0,0.9614035087719298,41.0,39.0,40.0,52.0,39.0,47.0,7.0,,,,,,
NEDERLAND,Elementary,2018,2018-19,263.0,285.0,0.9228070175438596,,,,,,,,,,,,,
NEDERLAND,Elementary,2019,2019-20,241.0,285.0,0.8456140350877193,31.0,30.0,41.0,44.0,36.0,44.0,20.0,,,,,,
NEDERLAND,Elementary,2020,2020-21,205.0,285.0,0.7192982456140351,20.0,30.0,27.0,32.0,38.0,35.0,6.0,,,,,,
NEDERLAND,Elementary,2021,2021-22,191.0,285.0,0.6701754385964912,36.0,20.0,32.0,26.0,33.0,34.0,9.0,,,,,,
NEDERLAND,Elementary,2022,2022-23,188.0,285.0,0.6596491228070176,23.0,35.0,23.0,30.0,28.0,31.0,3.0,,,,,,
NEDERLAND,Elementary,2023,2023-24,165.0,285.0,0.5789473684210527,24.0,21.0,35.0,27.0,28.0,30.0,28.0,,,,,,
NEDERLAND,Elementary,2024,2024-25,172.0,285.0,0.6035087719298246,33.0,23.0,24.0,33.0,28.0,31.0,,,,,,,
NEDERLAND,Elementary,2025,2025-26,165.0,285.0,0.5789473684210527,25.0,31.0,22.0,26.0,32.0,29.0,,,,,,,
NEDERLAND 6-8,Middle School,2014,2014-15,148.0,148.0,1.0,,,,,,,,,,,,,
NEDERLAND 6-8,Middle School,2015,2015-16,128.0,148.0,0.8648648648648649,,,,,,,,,,,,,
NEDERLAND 6-8,Middle School,2016,2016-17,135.0,148.0,0.9121621621621622,45.0,,,,,,,,,,,,
NEDERLAND 6-8,Middle School,2017,2017-18,127.0,148.0,0.8581081081081081,41.0,,,,,,,,,,,,
NEDERLAND 6-8,Middle School,2018,2018-19,125.0,148.0,0.8445945945945946,,,,,,,,,,,,,
NEDERLAND 6-8,Middle School,2019,2019-20,116.0,148.0,0.7837837837837838,38.0,,,,,,,,,,,,
NEDERLAND 6-8,Middle School,2020,2020-21,105.0,148.0,0.7094594594594594,36.0,,,,,,,,,,,,
NEDERLAND 6-8,Middle School,2021,2021-22,108.0,148.0,0.7297297297297297,35.0,,,,,,,,,,,,
NEDERLAND 6-8,Middle School,2022,2022-23,106.0,148.0,0.7162162162162162,29.0,,,,,,,,,,,,
NEDERLAND 6-8,Middle School,2023,2023-24,111.0,148.0,0.75,31.0,39.0,41.0,,,,,,,,,,
NEDERLAND 6-8,Middle School,2024,2024-25,99.0,148.0,0.668918918918919,33.0,29.0,37.0,,,,,,,,,,
NEDERLAND 6-8,Middle School,2025,2025-26,92.0,148.0,0.6216216216216216,30.0,34.0,28.0,,,,,,,,,,
NEDERLAND 9-12,High School,2014,2014-15,155.0,155.0,1.0,,,,,,,,,,,,,
NEDERLAND 9-12,High School,2015,2015-16,142.0,155.0,0.9161290322580645,,,,,,,,,,,,,
NEDERLAND 9-12,High School,2016,2016-17,127.0,155.0,0.8193548387096774,27.0,32.0,,,,,,,,,,,
NEDERLAND 9-12,High School,2017,2017-18,140.0,155.0,0.9032258064516129,37.0,38.0,,,,,,,,,,,
NEDERLAND 9-12,High School,2018,2018-19,145.0,155.0,0.9354838709677419,,,,,,,,,,,,,
NEDERLAND 9-12,High School,2019,2019-20,107.0,155.0,0.6903225806451613,25.0,27.0,,,,,,,,,,,
NEDERLAND 9-12,High School,2020,2020-21,106.0,155.0,0.6838709677419355,25.0,21.0,,,,,,,,,,,
NEDERLAND 9-12,High School,2021,2021-22,117.0,155.0,0.7548387096774194,29.0,26.0,,,,,,,,,,,
NEDERLAND 9-12,High School,2022,2022-23,128.0,155.0,0.8258064516129032,35.0,30.0,,,,,,,,,,,
NEDERLAND 9-12,High School,2023,2023-24,110.0,155.0,0.7096774193548387,18.0,28.0,33.0,31.0,,,,,,,,,
NEDERLAND 9-12,High School,2024,2024-25,112.0,155.0,0.7225806451612903,37.0,16.0,29.0,30.0,,,,,,,,,
NEDERLAND 9-12,High School,2025,2025-26,100.0,155.0,0.6451612903225806,29.0,27.0,15.0,29.0,,,,,,,,,
NEW VISTA,High School,2014,2014-15,281.0,328.0,0.8567073170731707,,,,,,,,,,,,,
NEW VISTA,High School,2015,2015-16,294.0,328.0,0.8963414634146342,,,,,,,,,,,,,
NEW VISTA,High School,2016,2016-17,294.0,328.0,0.8963414634146342,74.0,84.0,,,,,,,,,,,
NEW VISTA,High School,2017,2017-18,306.0,328.0,0.9329268292682927,93.0,64.0,,,,,,,,,,,
NEW VISTA,High School,2018,2018-19,312.0,328.0,0.9512195121951219,,,,,,,,,,,,,
NEW VISTA,High School,2019,2019-20,328.0,328.0,1.0,92.0,82.0,,,,,,,,,,,
NEW VISTA,High School,2020,2020-21,309.0,328.0,0.9420731707317073,84.0,80.0,,,,,,,,,,,
NEW VISTA,High School,2021,2021-22,287.0,328.0,0.875,74.0,72.0,,,,,,,,,,,
NEW VISTA,High School,2022,2022-23,311.0,328.0,0.948170731707317,77.0,69.0,,,,,,,,,,,
NEW VISTA,High School,2023,2023-24,310.0,328.0,0.9451219512195121,60.0,92.0,92.0,66.0,,,,,,,,,
NEW VISTA,High School,2024,2024-25,319.0,328.0,0.9725609756097561,57.0,76.0,97.0,89.0,,,,,,,,,
NEW VISTA,High School,2025,2025-26,307.0,328.0,0.9359756097560976,69.0,65.0,78.0,95.0,,,,,,,,,
PEAK TO PEAK 6-8,Middle School,2014,2014-15,405.0,406.0,0.9975369458128078,,,,,,,,,,,,,
PEAK TO PEAK 6-8,Middle School,2015,2015-16,405.0,406.0,0.9975369458128078,,,,,,,,,,,,,
PEAK TO PEAK 6-8,Middle School,2016,2016-17,406.0,406.0,1.0,135.0,,,,,,,,,,,,
PEAK TO PEAK 6-8,Middle School,2017,2017-18,406.0,406.0,1.0,135.0,,,,,,,,,,,,
PEAK TO PEAK 6-8,Middle School,2018,2018-19,404.0,406.0,0.9950738916256158,,,,,,,,,,,,,
PEAK TO PEAK 6-8,Middle School,2019,2019-20,406.0,406.0,1.0,135.0,,,,,,,,,,,,
PEAK TO PEAK 6-8,Middle School,2020,2020-21,406.0,406.0,1.0,136.0,,,,,,,,,,,,
PEAK TO PEAK 6-8,Middle School,2021,2021-22,405.0,406.0,0.9975369458128078,136.0,,,,,,,,,,,,
PEAK TO PEAK 6-8,Middle School,2022,2022-23,405.0,406.0,0.9975369458128078,135.0,,,,,,,,,,,,
PEAK TO PEAK 6-8,Middle School,2023,2023-24,405.0,406.0,0.9975369458128078,136.0,135.0,134.0,,,,,,,,,,
PEAK TO PEAK 6-8,Middle School,2024,2024-25,403.0,406.0,0.9926108374384236,135.0,134.0,134.0,,,,,,,,,,
PEAK TO PEAK 6-8,Middle School,2025,2025-26,404.0,406.0,0.9950738916256158,134.0,135.0,135.0,,,,,,,,,,
PEAK TO PEAK 9-12,High School,2014,2014-15,596.0,599.0,0.994991652754591,,,,,,,,,,,,,
PEAK TO PEAK 9-12,High School,2015,2015-16,583.0,599.0,0.9732888146911519,,,,,,,,,,,,,
PEAK TO PEAK 9-12,High School,2016,2016-17,588.0,599.0,0.9816360601001669,140.0,140.0,,,,,,,,,,,
PEAK TO PEAK 9-12,High School,2017,2017-18,589.0,599.0,0.9833055091819699,155.0,136.0,,,,,,,,,,,
PEAK TO PEAK 9-12,High School,2018,2018-19,593.0,599.0,0.989983305509182,,,,,,,,,,,,,
PEAK TO PEAK 9-12,High School,2019,2019-20,591.0,599.0,0.986644407345576,145.0,136.0,,,,,,,,,,,
PEAK TO PEAK 9-12,High School,2020,2020-21,591.0,599.0,0.986644407345576,145.0,137.0,,,,,,,,,,,
PEAK TO PEAK 9-12,High School,2021,2021-22,590.0,599.0,0.9849749582637729,139.0,142.0,,,,,,,,,,,
PEAK TO PEAK 9-12,High School,2022,2022-23,596.0,599.0,0.994991652754591,146.0,135.0,,,,,,,,,,,
PEAK TO PEAK 9-12,High School,2023,2023-24,599.0,599.0,1.0,154.0,157.0,152.0,136.0,,,,,,,,,
PEAK TO PEAK 9-12,High School,2024,2024-25,599.0,599.0,1.0,149.0,146.0,159.0,145.0,,,,,,,,,
PEAK TO PEAK 9-12,High School,2025,2025-26,595.0,599.0,0.993322203672788,153.0,141.0,149.0,152.0,,,,,,,,,
PEAK TO PEAK K-5,Elementary,2014,2014-15,456.0,457.0,0.9978118161925602,,,,,,,,,,,,,
PEAK TO PEAK K-5,Elementary,2015,2015-16,457.0,457.0,1.0,,,,,,,,,,,,,
PEAK TO PEAK K-5,Elementary,2016,2016-17,451.0,457.0,0.986870897155361,72.0,78.0,77.0,79.0,,,,,,,,,
PEAK TO PEAK K-5,Elementary,2017,2017-18,450.0,457.0,0.9846827133479212,72.0,78.0,78.0,78.0,,,,,,,,,
PEAK TO PEAK K-5,Elementary,2018,2018-19,449.0,457.0,0.9824945295404814,,,,,,,,,,,,,
PEAK TO PEAK K-5,Elementary,2019,2019-20,453.0,457.0,0.9912472647702407,72.0,78.0,79.0,78.0,,,,,,,,,
PEAK TO PEAK K-5,Elementary,2020,2020-21,456.0,457.0,0.9978118161925602,72.0,79.0,82.0,78.0,,,,,,,,,
PEAK TO PEAK K-5,Elementary,2021,2021-22,453.0,457.0,0.9912472647702407,75.0,78.0,78.0,78.0,,,,,,,,,
PEAK TO PEAK K-5,Elementary,2022,2022-23,449.0,457.0,0.9824945295404814,71.0,78.0,78.0,79.0,,,,,,,,,
PEAK TO PEAK K-5,Elementary,2023,2023-24,447.0,457.0,0.9781181619256017,69.0,72.0,72.0,78.0,78.0,78.0,,,,,,,
PEAK TO PEAK K-5,Elementary,2024,2024-25,444.0,457.0,0.9715536105032823,70.0,70.0,72.0,77.0,78.0,77.0,,,,,,,
PEAK TO PEAK K-5,Elementary,2025,2025-26,450.0,457.0,0.9846827133479212,72.0,72.0,72.0,78.0,78.0,78.0,,,,,,,
PIONEER,Elementary,2014,2014-15,473.0,480.0,0.9854166666666667,,,,,,,,,,,,,
PIONEER,Elementary,2015,2015-16,480.0,480.0,1.0,,,,,,,,,,,,,
PIONEER,Elementary,2016,2016-17,469.0,480.0,0.9770833333333333,80.0,76.0,76.0,70.0,75.0,58.0,22.0,,,,,,
PIONEER,Elementary,2017,2017-18,477.0,480.0,0.99375,82.0,77.0,75.0,74.0,64.0,72.0,20.0,,,,,,
PIONEER,Elementary,2018,2018-19,474.0,480.0,0.9875,,,,,,,,,,,,,
PIONEER,Elementary,2019,2019-20,466.0,480.0,0.9708333333333333,79.0,73.0,72.0,75.0,64.0,70.0,13.0,,,,,,
PIONEER,Elementary,2020,2020-21,457.0,480.0,0.9520833333333333,72.0,76.0,70.0,69.0,75.0,63.0,15.0,,,,,,
PIONEER,Elementary,2021,2021-22,461.0,480.0,0.9604166666666667,73.0,77.0,74.0,71.0,65.0,70.0,19.0,,,,,,
PIONEER,Elementary,2022,2022-23,448.0,480.0,0.9333333333333333,80.0,67.0,68.0,72.0,65.0,58.0,17.0,,,,,,
PIONEER,Elementary,2023,2023-24,416.0,480.0,0.8666666666666667,76.0,75.0,64.0,68.0,69.0,64.0,72.0,,,,,,
PIONEER,Elementary,2024,2024-25,397.0,480.0,0.8270833333333333,63.0,69.0,68.0,66.0,69.0,62.0,,,,,,,
PIONEER,Elementary,2025,2025-26,371.0,480.0,0.7729166666666667,63.0,60.0,62.0,62.0,59.0,65.0,,,,,,,
PLATT,Middle School,2014,2014-15,557.0,639.0,0.8716744913928013,,,,,,,,,,,,,
PLATT,Middle School,2015,2015-16,602.0,639.0,0.9420970266040689,,,,,,,,,,,,,
PLATT,Middle School,2016,2016-17,639.0,639.0,1.0,195.0,,,,,,,,,,,,
PLATT,Middle School,2017,2017-18,628.0,639.0,0.9827856025039123,213.0,,,,,,,,,,,,
PLATT,Middle School,2018,2018-19,581.0,639.0,0.9092331768388107,,,,,,,,,,,,,
PLATT,Middle School,2019,2019-20,531.0,639.0,0.8309859154929577,177.0,,,,,,,,,,,,
PLATT,Middle School,2020,2020-21,473.0,639.0,0.7402190923317684,167.0,,,,,,,,,,,,
PLATT,Middle School,2021,2021-22,455.0,639.0,0.7120500782472613,150.0,,,,,,,,,,,,
PLATT,Middle School,2022,2022-23,466.0,639.0,0.729264475743349,154.0,,,,,,,,,,,,
PLATT,Middle School,2023,2023-24,504.0,639.0,0.7887323943661971,190.0,158.0,156.0,,,,,,,,,,
PLATT,Middle School,2024,2024-25,482.0,639.0,0.7543035993740219,136.0,187.0,159.0,,,,,,,,,,
PLATT,Middle School,2025,2025-26,485.0,639.0,0.758998435054773,159.0,142.0,184.0,,,,,,,,,,
RYAN,Elementary,2014,2014-15,410.0,555.0,0.7387387387387387,,,,,,,,,,,,,
RYAN,Elementary,2015,2015-16,417.0,555.0,0.7513513513513513,,,,,,,,,,,,,
RYAN,Elementary,2016,2016-17,458.0,555.0,0.8252252252252252,62.0,71.0,68.0,72.0,84.0,76.0,7.0,,,,,,
RYAN,Elementary,2017,2017-18,482.0,555.0,0.8684684684684685,74.0,70.0,77.0,64.0,76.0,85.0,17.0,,,,,,
RYAN,Elementary,2018,2018-19,500.0,555.0,0.9009009009009009,,,,,,,,,,,,,
RYAN,Elementary,2019,2019-20,555.0,555.0,1.0,82.0,87.0,90.0,84.0,83.0,74.0,2.0,,,,,,
RYAN,Elementary,2020,2020-21,448.0,555.0,0.8072072072072072,54.0,68.0,80.0,68.0,77.0,74.0,3.0,,,,,,
RYAN,Elementary,2021,2021-22,477.0,555.0,0.8594594594594595,86.0,59.0,69.0,84.0,75.0,81.0,8.0,,,,,,
RYAN,Elementary,2022,2022-23,418.0,555.0,0.7531531531531531,71.0,80.0,57.0,63.0,78.0,69.0,0.0,,,,,,
RYAN,Elementary,2023,2023-24,426.0,555.0,0.7675675675675676,71.0,69.0,82.0,58.0,69.0,77.0,31.0,,,,,,
RYAN,Elementary,2024,2024-25,411.0,555.0,0.7405405405405405,54.0,73.0,74.0,86.0,59.0,65.0,,,,,,,
RYAN,Elementary,2025,2025-26,394.0,555.0,0.7099099099099099,57.0,51.0,74.0,81.0,76.0,55.0,,,,,,,
SANCHEZ,Elementary,2014,2014-15,359.0,403.0,0.890818858560794,,,,,,,,,,,,,
SANCHEZ,Elementary,2015,2015-16,379.0,403.0,0.9404466501240695,,,,,,,,,,,,,
SANCHEZ,Elementary,2016,2016-17,403.0,403.0,1.0,65.0,55.0,47.0,57.0,59.0,61.0,1.0,,,,,,
SANCHEZ,Elementary,2017,2017-18,401.0,403.0,0.9950372208436724,70.0,65.0,54.0,40.0,65.0,61.0,3.0,,,,,,
SANCHEZ,Elementary,2018,2018-19,382.0,403.0,0.9478908188585607,,,,,,,,,,,,,
SANCHEZ,Elementary,2019,2019-20,355.0,403.0,0.8808933002481389,48.0,42.0,55.0,53.0,53.0,52.0,1.0,,,,,,
SANCHEZ,Elementary,2020,2020-21,303.0,403.0,0.7518610421836228,44.0,42.0,35.0,53.0,45.0,48.0,0.0,,,,,,
SANCHEZ,Elementary,2021,2021-22,323.0,403.0,0.8014888337468983,44.0,53.0,52.0,38.0,56.0,47.0,4.0,,,,,,
SANCHEZ,Elementary,2022,2022-23,331.0,403.0,0.8213399503722084,58.0,48.0,50.0,45.0,44.0,58.0,3.0,,,,,,
SANCHEZ,Elementary,2023,2023-24,286.0,403.0,0.7096774193548387,31.0,52.0,50.0,45.0,52.0,56.0,34.0,,,,,,
SANCHEZ,Elementary,2024,2024-25,289.0,403.0,0.71712158808933,47.0,42.0,50.0,48.0,50.0,52.0,,,,,,,
SANCHEZ,Elementary,2025,2025-26,276.0,403.0,0.684863523573201,37.0,51.0,34.0,53.0,52.0,49.0,,,,,,,
SOUTHERN HILLS,Middle School,2014,2014-15,560.0,560.0,1.0,,,,,,,,,,,,,
SOUTHERN HILLS,Middle School,2015,2015-16,555.0,560.0,0.9910714285714286,,,,,,,,,,,,,
SOUTHERN HILLS,Middle School,2016,2016-17,559.0,560.0,0.9982142857142857,205.0,,,,,,,,,,,,
SOUTHERN HILLS,Middle School,2017,2017-18,555.0,560.0,0.9910714285714286,193.0,,,,,,,,,,,,
SOUTHERN HILLS,Middle School,2018,2018-19,538.0,560.0,0.9607142857142857,,,,,,,,,,,,,
SOUTHERN HILLS,Middle School,2019,2019-20,529.0,560.0,0.9446428571428571,191.0,,,,,,,,,,,,
SOUTHERN HILLS,Middle School,2020,2020-21,475.0,560.0,0.8482142857142857,159.0,,,,,,,,,,,,
SOUTHERN HILLS,Middle School,2021,2021-22,482.0,560.0,0.8607142857142858,161.0,,,,,,,,,,,,
SOUTHERN HILLS,Middle School,2022,2022-23,456.0,560.0,0.8142857142857143,176.0,,,,,,,,,,,,
SOUTHERN HILLS,Middle School,2023,2023-24,493.0,560.0,0.8803571428571428,181.0,140.0,172.0,,,,,,,,,,
SOUTHERN HILLS,Middle School,2024,2024-25,502.0,560.0,0.8964285714285715,168.0,185.0,149.0,,,,,,,,,,
SOUTHERN HILLS,Middle School,2025,2025-26,560.0,560.0,1.0,194.0,180.0,186.0,,,,,,,,,,
SUMMIT,Middle School,2014,2014-15,349.0,366.0,0.953551912568306,,,,,,,,,,,,,
SUMMIT,Middle School,2015,2015-16,353.0,366.0,0.9644808743169399,,,,,,,,,,,,,
SUMMIT,Middle School,2016,2016-17,354.0,366.0,0.9672131147540983,113.0,,,,,,,,,,,,
SUMMIT,Middle School,2017,2017-18,357.0,366.0,0.9754098360655737,117.0,,,,,,,,,,,,
SUMMIT,Middle School,2018,2018-19,358.0,366.0,0.9781420765027322,,,,,,,,,,,,,
SUMMIT,Middle School,2019,2019-20,359.0,366.0,0.9808743169398907,118.0,,,,,,,,,,,,
SUMMIT,Middle School,2020,2020-21,356.0,366.0,0.9726775956284153,117.0,,,,,,,,,,,,
SUMMIT,Middle School,2021,2021-22,356.0,366.0,0.9726775956284153,112.0,,,,,,,,,,,,
SUMMIT,Middle School,2022,2022-23,360.0,366.0,0.9836065573770492,114.0,,,,,,,,,,,,
SUMMIT,Middle School,2023,2023-24,360.0,366.0,0.9836065573770492,123.0,121.0,116.0,,,,,,,,,,
SUMMIT,Middle School,2024,2024-25,366.0,366.0,1.0,123.0,123.0,120.0,,,,,,,,,,
SUMMIT,Middle School,2025,2025-26,365.0,366.0,0.9972677595628415,123.0,120.0,122.0,,,,,,,,,,
SUPERIOR,Elementary,2014,2014-15,505.0,505.0,1.0,,,,,,,,,,,,,
SUPERIOR,Elementary,2015,2015-16,486.0,505.0,0.9623762376237623,,,,,,,,,,,,,
SUPERIOR,Elementary,2016,2016-17,464.0,505.0,0.9188118811881189,67.0,93.0,78.0,89.0,,,,,,,,,
SUPERIOR,Elementary,2017,2017-18,459.0,505.0,0.9089108910891089,72.0,67.0,96.0,83.0,,,,,,,,,
SUPERIOR,Elementary,2018,2018-19,439.0,505.0,0.8693069306930693,,,,,,,,,,,,,
SUPERIOR,Elementary,2019,2019-20,435.0,505.0,0.8613861386138614,69.0,89.0,70.0,73.0,,,,,,,,,
SUPERIOR,Elementary,2020,2020-21,418.0,505.0,0.8277227722772277,75.0,66.0,91.0,65.0,,,,,,,,,
SUPERIOR,Elementary,2021,2021-22,453.0,505.0,0.897029702970297,74.0,80.0,67.0,98.0,,,,,,,,,
SUPERIOR,Elementary,2022,2022-23,420.0,505.0,0.8316831683168316,78.0,70.0,76.0,67.0,,,,,,,,,
SUPERIOR,Elementary,2023,2023-24,429.0,505.0,0.8495049504950495,74.0,71.0,64.0,82.0,70.0,68.0,,,,,,,
SUPERIOR,Elementary,2024,2024-25,418.0,505.0,0.8277227722772277,55.0,76.0,66.0,71.0,82.0,68.0,,,,,,,
SUPERIOR,Elementary,2025,2025-26,432.0,505.0,0.8554455445544554,78.0,55.0,78.0,72.0,72.0,77.0,,,,,,,
TEC (INCLUDED IN HOME HS COUNTS),Other Program,2018,2018-19,112.0,234.0,0.47863247863247865,,,,,,,,,,,,,
TEC (INCLUDED IN HOME HS COUNTS),Other Program,2019,2019-20,183.0,234.0,0.782051282051282,,,,,,,,,,,,,
TEC (INCLUDED IN HOME HS COUNTS),Other Program,2020,2020-21,144.0,234.0,0.6153846153846154,,,,,,,,,,,,,
TEC (INCLUDED IN HOME HS COUNTS),Other Program,2021,2021-22,163.0,234.0,0.6965811965811965,,,,,,,,,,,,,
TEC (INCLUDED IN HOME HS COUNTS),Other Program,2022,2022-23,167.0,234.0,0.7136752136752137,,,,,,,,,,,,,
TEC (INCLUDED IN HOME HS COUNTS),Other Program,2023,2023-24,234.0,234.0,1.0,,,,,,,,,,,,,
TEC (INCLUDED IN HOME HS),Other Program,2014,2014-15,7.0,45.0,0.15555555555555556,,,,,,,,,,,,,
TEC (INCLUDED IN HOME HS),Other Program,2015,2015-16,9.0,45.0,0.2,,,,,,,,,,,,,
TEC (INCLUDED IN HOME HS),Other Program,2016,2016-17,45.0,45.0,1.0,,,,,,,,,,,,,
TEC (INCLUDED IN HOME HS),Other Program,2017,2017-18,45.0,45.0,1.0,,,,,,,,,,,,,
TRANSITIONS*,Other Program,2021,2021-22,60.0,62.0,0.967741935483871,,,,,,,,,,,,,
TRANSITIONS*,Other Program,2022,2022-23,62.0,62.0,1.0,,,,,,,,,,,,,
TRANSITIONS*,Other Program,2023,2023-24,62.0,62.0,1.0,,,,,,,,,,,,,
UNIVERSITY HILL,Elementary,2014,2014-15,427.0,451.0,0.9467849223946785,,,,,,,,,,,,,
UNIVERSITY HILL,Elementary,2015,2015-16,436.0,451.0,0.9667405764966741,,,,,,,,,,,,,
UNIVERSITY HILL,Elementary,2016,2016-17,447.0,451.0,0.991130820399113,78.0,81.0,70.0,75.0,59.0,58.0,18.0,,,,,,
UNIVERSITY HILL,Elementary,2017,2017-18,449.0,451.0,0.9955654101995566,76.0,77.0,76.0,67.0,71.0,56.0,18.0,,,,,,
UNIVERSITY HILL,Elementary,2018,2018-19,446.0,451.0,0.9889135254988913,,,,,,,,,,,,,
UNIVERSITY HILL,Elementary,2019,2019-20,451.0,451.0,1.0,80.0,67.0,72.0,66.0,75.0,57.0,12.0,,,,,,
UNIVERSITY HILL,Elementary,2020,2020-21,429.0,451.0,0.9512195121951219,68.0,73.0,64.0,64.0,63.0,66.0,9.0,,,,,,
UNIVERSITY HILL,Elementary,2021,2021-22,421.0,451.0,0.9334811529933481,68.0,65.0,72.0,70.0,58.0,63.0,8.0,,,,,,
UNIVERSITY HILL,Elementary,2022,2022-23,407.0,451.0,0.9024390243902439,62.0,65.0,66.0,66.0,65.0,56.0,7.0,,,,,,
UNIVERSITY HILL,Elementary,2023,2023-24,371.0,451.0,0.8226164079822617,53.0,66.0,59.0,64.0,62.0,67.0,35.0,,,,,,
UNIVERSITY HILL,Elementary,2024,2024-25,382.0,451.0,0.8470066518847007,58.0,52.0,73.0,65.0,68.0,66.0,,,,,,,
UNIVERSITY HILL,Elementary,2025,2025-26,370.0,451.0,0.8203991130820399,59.0,53.0,57.0,71.0,65.0,65.0,,,,,,,
WHITTIER,Elementary,2014,2014-15,396.0,422.0,0.9383886255924171,,,,,,,,,,,,,
WHITTIER,Elementary,2015,2015-16,415.0,422.0,0.9834123222748815,,,,,,,,,,,,,
WHITTIER,Elementary,2016,2016-17,422.0,422.0,1.0,69.0,72.0,66.0,76.0,,,,,,,,,
WHITTIER,Elementary,2017,2017-18,383.0,422.0,0.9075829383886256,64.0,73.0,59.0,69.0,,,,,,,,,
WHITTIER,Elementary,2018,2018-19,400.0,422.0,0.9478672985781991,,,,,,,,,,,,,
WHITTIER,Elementary,2019,2019-20,379.0,422.0,0.8981042654028436,64.0,53.0,70.0,72.0,,,,,,,,,
WHITTIER,Elementary,2020,2020-21,331.0,422.0,0.7843601895734598,65.0,66.0,48.0,68.0,,,,,,,,,
WHITTIER,Elementary,2021,2021-22,325.0,422.0,0.7701421800947867,42.0,74.0,69.0,46.0,,,,,,,,,
WHITTIER,Elementary,2022,2022-23,329.0,422.0,0.7796208530805687,50.0,54.0,68.0,65.0,,,,,,,,,
WHITTIER,Elementary,2023,2023-24,293.0,422.0,0.6943127962085308,45.0,46.0,37.0,50.0,56.0,59.0,,,,,,,
WHITTIER,Elementary,2024,2024-25,268.0,422.0,0.6350710900473934,46.0,42.0,42.0,39.0,46.0,53.0,,,,,,,
WHITTIER,Elementary,2025,2025-26,258.0,422.0,0.6113744075829384,37.0,43.0,43.0,46.0,42.0,47.0,,,,,,,
